preset_id,family,signal_day,entry_day,exit_day,side,entry,exit,pnl_pts,mae,mfe,bars,reason
IBS<x_3,IBS<#,2019-11-12,2019-11-12,2019-11-13,1,3600.74,3599.59,-1.15,-5.89,5.98,2,signal
C06_4,C06,2019-11-12,2019-11-12,2019-11-14,1,3600.74,3610.85,10.11,-8.73,16.47,3,tp
IBS<x_3,IBS<#,2019-11-13,2019-11-13,2019-11-14,1,3599.59,3600.78,1.19,-7.58,17.62,2,signal
C06_3,C06,2019-11-12,2019-11-12,2019-11-15,1,3600.74,3600.74,0.00,-8.73,16.47,4,breakeven
IBS<x_3,IBS<#,2019-11-14,2019-11-14,2019-11-15,1,3600.78,3616.42,15.64,-5.34,15.83,2,signal
C06_2,C06,2019-11-12,2019-11-12,2019-11-16,1,3600.74,3635.53,34.79,-8.73,49.19,5,tp
IBS<x_3,IBS<#,2019-11-16,2019-11-16,2019-11-17,1,3624.95,3614.50,-10.45,-13.01,2.24,2,signal
IBS<x_4,IBS<#,2019-11-12,2019-11-12,2019-11-18,1,3600.74,3594.50,-6.24,-11.40,49.19,7,breakeven
LMT_RSIx<x_xAT_2,LMT_RSI#<#_#ATR,2019-11-18,2019-11-19,2019-11-19,1,3586.77,3587.04,0.27,-11.40,12.44,1,time
LMT_RSIx<x_xAT_2,LMT_RSI#<#_#ATR,2019-11-19,2019-11-20,2019-11-20,1,3581.60,3592.87,11.27,-5.49,24.31,1,time
C<wvwapxsd_4,C<wvwap#sd,2019-11-16,2019-11-16,2019-11-20,1,3624.95,3592.87,-32.08,-49.58,2.24,5,signal
C<wvwapxsd_1,C<wvwap#sd,2019-11-16,2019-11-16,2019-11-21,1,3624.95,3585.42,-39.53,-49.58,2.24,6,signal
P_HixDD>x&RSIx_2,P_Hi#DD>#&RSI#<#,2019-11-18,2019-11-18,2019-11-21,1,3595.92,3585.42,-10.50,-20.55,9.99,4,signal
P_HixDD>x&RSIx_3,P_Hi#DD>#&RSI#<#,2019-11-19,2019-11-19,2019-11-21,1,3587.04,3585.42,-1.62,-10.93,18.87,3,signal
LMT_RSIx<x_xAT_2,LMT_RSI#<#_#ATR,2019-11-21,2019-11-22,2019-11-22,1,3569.93,3556.83,-13.10,-15.98,16.33,1,time
C<wvwapxsd_2,C<wvwap#sd,2019-11-16,2019-11-16,2019-11-22,1,3624.95,3559.73,-65.22,-71.00,2.24,7,sl
C06_4,C06,2019-11-20,2019-11-20,2019-11-22,1,3592.87,3569.93,-22.94,-38.92,6.75,3,sl
P_HixDD>x&RSIx_4,P_Hi#DD>#&RSI#<#,2019-11-19,2019-11-19,2019-11-22,1,3587.04,3565.27,-21.77,-33.09,18.87,4,sl
ConnorsRSI<x_2,ConnorsRSI<#,2019-11-18,2019-11-18,2019-11-22,1,3595.92,3563.86,-32.06,-41.97,9.99,5,sl
LMT_RSIx<x_xAT_2,LMT_RSI#<#_#ATR,2019-11-22,2019-11-23,2019-11-23,1,3551.13,3544.11,-7.02,-10.19,9.94,1,time
C<wvwapxsd_3,C<wvwap#sd,2019-11-22,2019-11-22,2019-11-23,1,3556.83,3545.42,-11.41,-15.89,4.24,2,sl
CloseAtxdLow_2,CloseAt#dLow,2019-11-18,2019-11-18,2019-11-23,1,3595.92,3553.17,-42.75,-54.98,9.99,6,sl
RSIx<x_1,RSI#<#,2019-11-18,2019-11-18,2019-11-23,1,3595.92,3553.17,-42.75,-54.98,9.99,6,sl
C<dvwapxsd_2,C<dvwap#sd,2019-11-22,2019-11-22,2019-11-24,1,3556.83,3558.67,1.84,-15.89,12.81,3,signal
C06_4,C06,2019-11-24,2019-11-24,2019-11-25,1,3558.67,3567.25,8.58,-0.37,14.60,2,tp
C<wvwapxsd_1,C<wvwap#sd,2019-11-21,2019-11-21,2019-11-26,1,3585.42,3565.22,-20.20,-44.48,0.84,6,signal
P_HixDD>x&RSIx_2,P_Hi#DD>#&RSI#<#,2019-11-21,2019-11-21,2019-11-26,1,3585.42,3565.22,-20.20,-44.48,0.84,6,signal
P_HixDD>x&RSIx_3,P_Hi#DD>#&RSI#<#,2019-11-21,2019-11-21,2019-11-26,1,3585.42,3565.22,-20.20,-44.48,0.84,6,signal
IBS<x_3,IBS<#,2019-11-20,2019-11-20,2019-11-26,1,3592.87,3565.22,-27.65,-51.93,6.75,7,signal
WRx<x_3,WR#<#,2019-11-22,2019-11-22,2019-11-26,1,3556.83,3565.22,8.39,-15.89,16.44,5,signal
D01_4,D01,2019-11-22,2019-11-22,2019-11-26,1,3556.83,3565.22,8.39,-15.89,16.44,5,signal
CloseAtxdLow_3,CloseAt#dLow,2019-11-18,2019-11-18,2019-11-26,1,3595.92,3565.22,-30.70,-54.98,9.99,9,signal
CloseAtxdLow_4,CloseAt#dLow,2019-11-19,2019-11-19,2019-11-26,1,3587.04,3565.22,-21.82,-46.10,18.87,8,signal
P_HixDD>x&IBS<_2,P_Hi#DD>#&IBS<#,2019-11-22,2019-11-22,2019-11-26,1,3556.83,3565.22,8.39,-15.89,16.44,5,signal
C<wvwapxsd_4,C<wvwap#sd,2019-11-21,2019-11-21,2019-11-27,1,3585.42,3571.70,-13.72,-44.48,0.84,7,signal
RSIx<x_2,RSI#<#,2019-11-22,2019-11-22,2019-11-27,1,3556.83,3577.39,20.56,-15.89,16.44,6,signal
C06_2,C06,2019-11-26,2019-11-26,2019-11-29,1,3565.22,3587.28,22.06,-5.75,26.65,4,tp
C06_3,C06,2019-11-26,2019-11-26,2019-12-02,1,3565.22,3565.22,0.00,-10.38,26.65,7,breakeven
P_HixDD>x&RSIx_4,P_Hi#DD>#&RSI#<#,2019-11-22,2019-11-22,2019-12-02,1,3556.83,3556.83,0.00,-15.89,35.04,11,breakeven
LMT_RSIx<x_xAT_2,LMT_RSI#<#_#ATR,2019-12-02,2019-12-03,2019-12-03,1,3559.58,3577.74,18.16,-0.08,22.95,1,time
C<dvwapxsd_3,C<dvwap#sd,2019-11-13,2019-11-13,2019-12-03,1,3599.59,3577.74,-21.85,-58.65,50.34,21,time
IBS<x_3,IBS<#,2019-12-01,2019-12-01,2019-12-03,1,3578.68,3577.74,-0.94,-23.84,12.40,3,signal
RSIx<x_1,RSI#<#,2019-12-02,2019-12-02,2019-12-03,1,3565.06,3577.74,12.68,-5.56,17.47,2,signal
C<wvwapxsd_1,C<wvwap#sd,2019-12-01,2019-12-01,2019-12-05,1,3578.68,3591.37,12.69,-23.84,15.85,5,signal
C<wvwapxsd_3,C<wvwap#sd,2019-11-24,2019-11-24,2019-12-05,1,3558.67,3593.00,34.33,-4.93,35.86,12,tp
C<wvwapxsd_4,C<wvwap#sd,2019-12-01,2019-12-01,2019-12-05,1,3578.68,3591.37,12.69,-23.84,15.85,5,signal
C06_4,C06,2019-12-03,2019-12-03,2019-12-05,1,3577.74,3586.17,8.43,-16.19,16.79,3,tp
P_HixDD>x&RSIx_3,P_Hi#DD>#&RSI#<#,2019-12-02,2019-12-02,2019-12-05,1,3565.06,3591.37,26.31,-5.56,29.47,4,signal
P_HixDD>x&IBS<_2,P_Hi#DD>#&IBS<#,2019-12-01,2019-12-01,2019-12-05,1,3578.68,3591.37,12.69,-23.84,15.85,5,signal
C06_2,C06,2019-12-03,2019-12-03,2019-12-06,1,3577.74,3600.23,22.49,-16.19,22.67,4,tp
C06_4,C06,2019-12-05,2019-12-05,2019-12-06,1,3591.37,3599.85,8.48,-8.57,9.04,2,tp
C06_3,C06,2019-12-03,2019-12-03,2019-12-07,1,3577.74,3576.47,-1.27,-16.19,22.67,5,breakeven
LMT_RSIx<x_xAT_2,LMT_RSI#<#_#ATR,2019-12-07,2019-12-08,2019-12-08,1,3566.03,3576.18,10.15,-0.99,20.50,1,time
P_HixDD>x&RSIx_4,P_Hi#DD>#&RSI#<#,2019-12-02,2019-12-02,2019-12-08,1,3565.06,3565.06,0.00,-5.56,35.35,7,breakeven
ConnorsRSI<x_1,ConnorsRSI<#,2019-11-18,2019-11-18,2019-12-08,1,3595.92,3576.18,-19.74,-54.98,9.99,21,time
C<wvwapxsd_4,C<wvwap#sd,2019-12-07,2019-12-07,2019-12-11,1,3571.49,3573.52,2.03,-22.80,15.04,5,signal
IBS<x_3,IBS<#,2019-12-06,2019-12-06,2019-12-11,1,3585.65,3573.52,-12.13,-36.96,0.88,6,signal
WRx<x_3,WR#<#,2019-12-09,2019-12-09,2019-12-11,1,3555.24,3573.52,18.28,-6.55,20.58,3,signal
D01_1,D01,2019-12-10,2019-12-10,2019-12-11,1,3556.81,3573.52,16.71,-2.17,19.01,2,signal
CloseAtxdLow_4,CloseAt#dLow,2019-12-09,2019-12-09,2019-12-11,1,3555.24,3573.52,18.28,-6.55,20.58,3,signal
RSIx<x_1,RSI#<#,2019-12-07,2019-12-07,2019-12-11,1,3571.49,3573.52,2.03,-22.80,15.04,5,signal
C<wvwapxsd_1,C<wvwap#sd,2019-12-07,2019-12-07,2019-12-12,1,3571.49,3579.86,8.37,-22.80,15.04,6,signal
P_HixDD>x&RSIx_3,P_Hi#DD>#&RSI#<#,2019-12-07,2019-12-07,2019-12-12,1,3571.49,3579.86,8.37,-22.80,15.04,6,signal
P_HixDD>x&IBS<_2,P_Hi#DD>#&IBS<#,2019-12-06,2019-12-06,2019-12-12,1,3585.65,3579.86,-5.79,-36.96,0.88,7,signal
ConnorsRSI<x_2,ConnorsRSI<#,2019-11-22,2019-11-22,2019-12-12,1,3556.83,3579.86,23.03,-15.89,43.58,21,time
WRx<x_2,WR#<#,2019-12-09,2019-12-09,2019-12-13,1,3555.24,3561.29,6.05,-6.55,28.18,5,trail
C<wvwapxsd_4,C<wvwap#sd,2019-12-13,2019-12-13,2019-12-14,1,3561.01,3573.93,12.92,-3.96,21.93,2,signal
RSIx<x_1,RSI#<#,2019-12-13,2019-12-13,2019-12-14,1,3561.01,3573.93,12.92,-3.96,21.93,2,signal
C<wvwapxsd_1,C<wvwap#sd,2019-12-13,2019-12-13,2019-12-17,1,3561.01,3585.57,24.56,-3.96,26.42,5,signal
C<wvwapxsd_4,C<wvwap#sd,2019-12-15,2019-12-15,2019-12-17,1,3576.68,3585.57,8.89,-17.09,10.75,3,signal
RSIx<x_1,RSI#<#,2019-12-16,2019-12-16,2019-12-17,1,3565.07,3585.57,20.50,-5.48,22.36,2,signal
C<wvwapxsd_3,C<wvwap#sd,2019-12-09,2019-12-09,2019-12-18,1,3555.24,3602.67,47.43,-6.55,56.48,10,tp
C06_2,C06,2019-12-11,2019-12-11,2019-12-18,1,3573.52,3602.67,29.15,-16.78,38.20,8,tp
C06_4,C06,2019-12-17,2019-12-17,2019-12-18,1,3585.57,3602.67,17.10,-0.41,26.15,2,tp
CloseAtxdLow_2,CloseAt#dLow,2019-12-02,2019-12-02,2019-12-18,1,3565.06,3608.93,43.87,-16.37,46.66,17,tp
C06_3,C06,2019-12-11,2019-12-11,2019-12-20,1,3573.52,3638.14,64.62,-16.78,70.69,10,tp
IBS<x_2,IBS<#,2019-12-19,2019-12-19,2019-12-20,1,3612.94,3643.16,30.22,-3.74,31.27,2,signal
IBS<x_3,IBS<#,2019-12-19,2019-12-19,2019-12-20,1,3612.94,3643.16,30.22,-3.74,31.27,2,signal
P_HixDD>x&IBS<_3,P_Hi#DD>#&IBS<#,2019-12-19,2019-12-19,2019-12-20,1,3612.94,3643.16,30.22,-3.74,31.27,2,signal
P_HixDD>x&IBS<_4,P_Hi#DD>#&IBS<#,2019-12-19,2019-12-19,2019-12-20,1,3612.94,3643.16,30.22,-3.74,31.27,2,signal
IBS<x_4,IBS<#,2019-12-19,2019-12-19,2019-12-21,1,3612.94,3612.94,0.00,-3.74,32.95,3,breakeven
C<wvwapxsd_3,C<wvwap#sd,2019-12-22,2019-12-22,2019-12-23,1,3605.73,3593.42,-12.31,-15.54,2.73,2,sl
RSIx<x_1,RSI#<#,2019-12-22,2019-12-22,2019-12-23,1,3605.73,3603.72,-2.01,-15.54,2.73,2,signal
P_HixDD>x&IBS<_4,P_Hi#DD>#&IBS<#,2019-12-22,2019-12-22,2019-12-23,1,3605.73,3603.72,-2.01,-15.54,2.73,2,signal
C<dvwapxsd_3,C<dvwap#sd,2019-12-04,2019-12-04,2019-12-24,1,3570.18,3607.94,37.76,-21.49,75.71,21,time
RSIx<x_1,RSI#<#,2019-12-23,2019-12-23,2019-12-24,1,3603.72,3607.94,4.22,-4.26,8.38,2,signal
C<wvwapxsd_1,C<wvwap#sd,2019-12-22,2019-12-22,2019-12-25,1,3605.73,3594.14,-11.59,-23.14,6.37,4,signal
C06_4,C06,2019-12-24,2019-12-24,2019-12-25,1,3607.94,3589.77,-18.17,-25.35,3.94,2,sl
LMT_RSIx<x_xAT_2,LMT_RSI#<#_#ATR,2019-12-25,2019-12-26,2019-12-26,1,3588.13,3583.37,-4.76,-9.65,12.89,1,time
C<wvwapxsd_3,C<wvwap#sd,2019-12-26,2019-12-26,2019-12-27,1,3583.37,3571.22,-12.15,-18.96,4.03,2,sl
ConnorsRSI<x_4,ConnorsRSI<#,2019-12-22,2019-12-22,2019-12-27,1,3605.73,3568.79,-36.94,-41.32,6.37,6,sl
C<wvwapxsd_3,C<wvwap#sd,2019-12-27,2019-12-27,2019-12-29,1,3576.45,3562.16,-14.29,-20.91,15.33,3,sl
WRx<x_2,WR#<#,2019-12-27,2019-12-27,2019-12-29,1,3576.45,3562.16,-14.29,-20.91,15.33,3,trail
P_HixDD>x&IBS<_3,P_Hi#DD>#&IBS<#,2019-12-22,2019-12-22,2019-12-29,1,3605.73,3556.48,-49.25,-50.19,6.37,8,sl
C<wvwapxsd_2,C<wvwap#sd,2019-12-22,2019-12-22,2019-12-30,1,3605.73,3531.85,-73.88,-76.06,6.37,9,sl
P_HixDD>x&RSIx_3,P_Hi#DD>#&RSI#<#,2019-12-25,2019-12-25,2019-12-30,1,3594.14,3535.34,-58.80,-64.47,6.88,6,sl
IBS<x_4,IBS<#,2019-12-28,2019-12-28,2019-12-30,1,3570.02,3535.34,-34.68,-40.35,0.62,3,sl
WRx<x_2,WR#<#,2019-12-29,2019-12-29,2019-12-30,1,3557.87,3534.24,-23.63,-28.20,0.20,2,sl
CloseAtxdLow_2,CloseAt#dLow,2019-12-25,2019-12-25,2019-12-30,1,3594.14,3535.34,-58.80,-64.47,6.88,6,sl
RSIx<x_1,RSI#<#,2019-12-25,2019-12-25,2019-12-30,1,3594.14,3535.34,-58.80,-64.47,6.88,6,sl
ConnorsRSI<x_1,ConnorsRSI<#,2019-12-22,2019-12-22,2019-12-30,1,3605.73,3531.85,-73.88,-76.06,6.37,9,sl
ConnorsRSI<x_2,ConnorsRSI<#,2019-12-28,2019-12-28,2019-12-30,1,3570.02,3533.15,-36.87,-40.35,0.62,3,sl
C<wvwapxsd_4,C<wvwap#sd,2019-12-22,2019-12-22,2019-12-31,1,3605.73,3541.22,-64.51,-76.23,6.37,10,signal
IBS<x_2,IBS<#,2019-12-22,2019-12-22,2019-12-31,1,3605.73,3541.22,-64.51,-76.23,6.37,10,signal
WRx<x_3,WR#<#,2019-12-27,2019-12-27,2019-12-31,1,3576.45,3541.22,-35.23,-46.95,15.33,5,signal
IBS<x_3,IBS<#,2019-12-22,2019-12-22,2020-01-01,1,3605.73,3517.15,-88.58,-90.18,6.37,11,time
D01_1,D01,2019-12-27,2019-12-27,2020-01-02,1,3576.45,3498.13,-78.32,-81.67,15.33,7,sl
D01_4,D01,2019-12-26,2019-12-26,2020-01-02,1,3583.37,3498.13,-85.24,-88.59,8.41,8,sl
CloseAtxdLow_4,CloseAt#dLow,2019-12-26,2019-12-26,2020-01-02,1,3583.37,3498.13,-85.24,-88.59,8.41,8,sl
C<wvwapxsd_4,C<wvwap#sd,2020-01-01,2020-01-01,2020-01-04,1,3517.15,3524.59,7.44,-22.37,11.75,4,signal
P_HixDD>x&RSIx_2,P_Hi#DD>#&RSI#<#,2019-12-25,2019-12-25,2020-01-04,1,3594.14,3524.59,-69.55,-99.36,6.88,11,time
WRx<x_3,WR#<#,2020-01-01,2020-01-01,2020-01-04,1,3517.15,3524.59,7.44,-22.37,11.75,4,signal
CloseAtxdLow_3,CloseAt#dLow,2019-12-25,2019-12-25,2020-01-04,1,3594.14,3524.59,-69.55,-99.36,6.88,11,time
C06_1,C06,2019-12-24,2019-12-24,2020-01-05,1,3607.94,3537.45,-70.49,-113.16,3.94,13,signal
RSIx<x_2,RSI#<#,2019-12-29,2019-12-29,2020-01-05,1,3557.87,3537.45,-20.42,-63.09,0.20,8,signal
C<wvwapxsd_3,C<wvwap#sd,2020-01-05,2020-01-05,2020-01-06,1,3532.32,3519.42,-12.90,-18.64,2.13,2,sl
C06_3,C06,2020-01-04,2020-01-04,2020-01-06,1,3524.59,3524.59,0.00,-10.91,23.40,3,breakeven
C<wvwapxsd_4,C<wvwap#sd,2020-01-05,2020-01-05,2020-01-08,1,3532.32,3541.41,9.09,-29.63,14.66,4,signal
P_HixDD>x&RSIx_3,P_Hi#DD>#&RSI#<#,2019-12-30,2019-12-30,2020-01-09,1,3534.86,3542.93,8.07,-40.08,32.24,11,time
LMT_RSIx<x_xAT_3,LMT_RSI#<#_#ATR,2019-12-26,2019-12-27,2020-01-10,1,3573.55,3554.68,-18.87,-78.77,18.23,15,signal
C<wvwapxsd_1,C<wvwap#sd,2019-12-25,2019-12-25,2020-01-10,1,3594.14,3554.68,-39.46,-99.36,6.88,17,signal
C06_3,C06,2020-01-08,2020-01-08,2020-01-10,1,3541.41,3541.41,0.00,-2.61,25.69,3,breakeven
P_HixDD>x&IBS<_2,P_Hi#DD>#&IBS<#,2019-12-26,2019-12-26,2020-01-10,1,3583.37,3554.68,-28.69,-88.59,8.41,16,signal
C<wvwapxsd_3,C<wvwap#sd,2020-01-11,2020-01-11,2020-01-12,1,3548.50,3536.53,-11.97,-17.61,7.64,2,sl
D01_1,D01,2020-01-13,2020-01-13,2020-01-15,1,3538.23,3547.09,8.86,-4.88,16.27,3,signal
C<wvwapxsd_3,C<wvwap#sd,2020-01-12,2020-01-12,2020-01-17,1,3533.38,3521.24,-12.14,-13.26,28.38,6,sl
C06_3,C06,2020-01-15,2020-01-15,2020-01-17,1,3547.09,3528.43,-18.66,-26.97,14.67,3,breakeven
P_HixDD>x&RSIx_3,P_Hi#DD>#&RSI#<#,2020-01-12,2020-01-12,2020-01-18,1,3533.38,3525.28,-8.10,-31.20,28.38,7,signal
C<wvwapxsd_4,C<wvwap#sd,2020-01-11,2020-01-11,2020-01-20,1,3548.50,3536.84,-11.66,-46.32,13.26,10,signal
C06_3,C06,2020-01-20,2020-01-20,2020-01-23,1,3536.84,3506.61,-30.23,-41.81,3.09,4,sl
P_HixDD>x&RSIx_3,P_Hi#DD>#&RSI#<#,2020-01-18,2020-01-18,2020-01-24,1,3525.28,3504.26,-21.02,-36.49,19.57,7,signal
WRx<x_3,WR#<#,2020-01-23,2020-01-23,2020-01-26,1,3496.06,3497.35,1.29,-7.27,23.51,4,signal
WRx<x_3,WR#<#,2020-01-27,2020-01-27,2020-01-29,1,3489.09,3500.79,11.70,-5.52,21.72,3,signal
C06_3,C06,2020-01-29,2020-01-29,2020-02-02,1,3500.79,3478.49,-22.30,-35.10,9.66,5,sl
P_HixDD>x&RSIx_3,P_Hi#DD>#&RSI#<#,2020-01-26,2020-01-26,2020-02-03,1,3497.35,3466.47,-30.88,-45.27,13.46,9,signal
WRx<x_3,WR#<#,2020-02-02,2020-02-02,2020-02-03,1,3466.86,3466.47,-0.39,-14.78,7.46,2,signal
C<wvwapxsd_4,C<wvwap#sd,2020-01-22,2020-01-22,2020-02-04,1,3518.77,3469.94,-48.83,-66.69,3.05,14,signal
P_HixDD>x&RSIx_3,P_Hi#DD>#&RSI#<#,2020-02-03,2020-02-03,2020-02-06,1,3466.47,3504.83,38.36,-13.30,39.36,4,signal
C06_3,C06,2020-02-06,2020-02-06,2020-02-07,1,3504.83,3481.63,-23.20,-28.75,0.89,2,sl
C<wvwapxsd_4,C<wvwap#sd,2020-02-08,2020-02-08,2020-02-13,1,3487.11,3471.73,-15.38,-36.70,9.49,6,signal
P_HixDD>x&RSIx_3,P_Hi#DD>#&RSI#<#,2020-02-11,2020-02-11,2020-02-16,1,3466.27,3444.83,-21.44,-32.17,12.10,6,signal
WRx<x_3,WR#<#,2020-02-12,2020-02-12,2020-02-16,1,3455.66,3444.83,-10.83,-21.56,22.71,5,signal
P_HixDD>x&RSIx_3,P_Hi#DD>#&RSI#<#,2020-02-16,2020-02-16,2020-02-18,1,3444.83,3430.53,-14.30,-27.25,4.37,3,signal
C<wvwapxsd_4,C<wvwap#sd,2020-02-13,2020-02-13,2020-02-20,1,3471.73,3438.02,-33.71,-54.15,6.64,8,signal
WRx<x_3,WR#<#,2020-02-17,2020-02-17,2020-02-20,1,3438.65,3438.02,-0.63,-21.07,4.57,4,signal
RSIx<x_2,RSI#<#,2020-02-18,2020-02-18,2020-02-21,1,3430.53,3428.05,-2.48,-8.75,12.69,4,signal
C<wvwapxsd_4,C<wvwap#sd,2020-02-21,2020-02-21,2020-02-22,1,3416.81,3455.37,38.56,-5.90,40.94,2,signal
C06_3,C06,2020-02-20,2020-02-20,2020-02-22,1,3438.02,3415.43,-22.59,-27.11,19.73,3,sl
P_HixDD>x&RSIx_3,P_Hi#DD>#&RSI#<#,2020-02-18,2020-02-18,2020-02-22,1,3430.53,3455.37,24.84,-19.62,27.22,5,signal
WRx<x_3,WR#<#,2020-02-21,2020-02-21,2020-02-22,1,3416.81,3455.37,38.56,-5.90,40.94,2,signal
C<wvwapxsd_4,C<wvwap#sd,2020-02-23,2020-02-23,2020-02-27,1,3452.30,3490.70,38.40,-5.91,41.29,5,signal
C06_4,C06,2020-02-27,2020-02-27,2020-02-28,1,3490.70,3499.48,8.78,-1.71,10.29,2,tp
C<wvwapxsd_4,C<wvwap#sd,2020-02-29,2020-02-29,2020-03-01,1,3481.39,3497.31,15.92,-2.95,17.56,2,signal
C06_4,C06,2020-03-01,2020-03-01,2020-03-02,1,3497.31,3508.74,11.43,-7.42,12.89,2,tp
C<dvwapxsd_2,C<dvwap#sd,2020-03-04,2020-03-04,2020-03-05,1,3489.70,3505.55,15.85,-1.89,19.59,2,signal
IBS<x_3,IBS<#,2020-03-04,2020-03-04,2020-03-05,1,3489.70,3505.55,15.85,-1.89,19.59,2,signal
C<wvwapxsd_4,C<wvwap#sd,2020-03-03,2020-03-03,2020-03-06,1,3492.70,3522.10,29.40,-6.70,36.73,4,signal
C06_3,C06,2020-02-22,2020-02-22,2020-03-06,1,3455.37,3527.00,71.62,-8.98,74.06,14,tp
C06_4,C06,2020-03-05,2020-03-05,2020-03-06,1,3505.55,3523.07,17.52,-0.06,23.88,2,tp
IBS<x_3,IBS<#,2020-03-06,2020-03-06,2020-03-07,1,3522.10,3526.09,3.99,-4.68,13.01,2,signal
C<wvwapxsd_1,C<wvwap#sd,2020-03-07,2020-03-07,2020-03-08,1,3526.09,3536.42,10.33,-5.03,14.54,2,signal
C<wvwapxsd_4,C<wvwap#sd,2020-03-07,2020-03-07,2020-03-08,1,3526.09,3536.42,10.33,-5.03,14.54,2,signal
IBS<x_3,IBS<#,2020-03-07,2020-03-07,2020-03-08,1,3526.09,3536.42,10.33,-5.03,14.54,2,signal
D01_4,D01,2020-03-07,2020-03-07,2020-03-08,1,3526.09,3536.42,10.33,-5.03,14.54,2,signal
P_HixDD>x&IBS<_2,P_Hi#DD>#&IBS<#,2020-03-04,2020-03-04,2020-03-08,1,3489.70,3536.42,46.72,-1.89,50.93,5,signal
D01_1,D01,2020-03-08,2020-03-08,2020-03-09,1,3536.42,3528.36,-8.06,-8.39,14.34,2,signal
C<wvwapxsd_3,C<wvwap#sd,2020-03-07,2020-03-07,2020-03-10,1,3526.09,3514.28,-11.81,-24.27,24.67,4,sl
IBS<x_4,IBS<#,2020-03-09,2020-03-09,2020-03-10,1,3528.36,3504.58,-23.78,-26.54,12.96,2,sl
LMT_RSIx<x_xAT_2,LMT_RSI#<#_#ATR,2020-03-10,2020-03-11,2020-03-11,1,3485.45,3487.74,2.29,-3.40,27.54,1,time
C<wvwapxsd_1,C<wvwap#sd,2020-03-09,2020-03-09,2020-03-11,1,3528.36,3487.74,-40.62,-46.31,12.96,3,signal
C<wvwapxsd_3,C<wvwap#sd,2020-03-10,2020-03-10,2020-03-11,1,3505.49,3485.45,-20.04,-23.44,7.50,2,sl
P_HixDD>x&RSIx_2,P_Hi#DD>#&RSI#<#,2020-03-10,2020-03-10,2020-03-11,1,3505.49,3487.74,-17.75,-23.44,7.50,2,signal
LMT_RSIx<x_xAT_2,LMT_RSI#<#_#ATR,2020-03-11,2020-03-12,2020-03-12,1,3481.43,3484.31,2.88,-3.77,14.99,1,time
C<dvwapxsd_2,C<dvwap#sd,2020-03-09,2020-03-09,2020-03-13,1,3528.36,3511.73,-16.63,-50.70,12.96,5,signal
C<wvwapxsd_4,C<wvwap#sd,2020-03-09,2020-03-09,2020-03-13,1,3528.36,3511.73,-16.63,-50.70,12.96,5,signal
IBS<x_3,IBS<#,2020-03-09,2020-03-09,2020-03-13,1,3528.36,3511.73,-16.63,-50.70,12.96,5,signal
D01_4,D01,2020-03-09,2020-03-09,2020-03-13,1,3528.36,3511.73,-16.63,-50.70,12.96,5,signal
CloseAtxdLow_3,CloseAt#dLow,2020-03-11,2020-03-11,2020-03-13,1,3487.74,3511.73,23.99,-10.08,27.74,3,signal
C06_4,C06,2020-03-13,2020-03-13,2020-03-14,1,3511.73,3493.63,-18.10,-21.88,7.81,2,sl
IBS<x_3,IBS<#,2020-03-14,2020-03-14,2020-03-15,1,3492.79,3502.04,9.25,-4.53,13.02,2,signal
C06_3,C06,2020-03-13,2020-03-13,2020-03-17,1,3511.73,3484.57,-27.16,-35.79,7.81,5,sl
P_HixDD>x&RSIx_4,P_Hi#DD>#&RSI#<#,2020-03-11,2020-03-11,2020-03-17,1,3487.74,3484.57,-3.17,-11.80,31.80,7,breakeven
C<dvwapxsd_2,C<dvwap#sd,2020-03-16,2020-03-16,2020-03-18,1,3496.27,3490.42,-5.85,-20.85,6.39,3,signal
C<wvwapxsd_4,C<wvwap#sd,2020-03-14,2020-03-14,2020-03-19,1,3492.79,3512.45,19.66,-17.37,21.62,6,signal
C06_4,C06,2020-03-18,2020-03-18,2020-03-19,1,3490.42,3499.28,8.86,-2.80,23.99,2,tp
P_HixDD>x&RSIx_2,P_Hi#DD>#&RSI#<#,2020-03-11,2020-03-11,2020-03-19,1,3487.74,3512.45,24.71,-12.32,31.80,9,signal
P_HixDD>x&RSIx_3,P_Hi#DD>#&RSI#<#,2020-03-11,2020-03-11,2020-03-19,1,3487.74,3512.45,24.71,-12.32,31.80,9,signal
IBS<x_3,IBS<#,2020-03-16,2020-03-16,2020-03-19,1,3496.27,3512.45,16.18,-20.85,18.14,4,signal
WRx<x_3,WR#<#,2020-03-17,2020-03-17,2020-03-19,1,3477.19,3512.45,35.26,-1.77,37.22,3,signal
D01_4,D01,2020-03-16,2020-03-16,2020-03-19,1,3496.27,3512.45,16.18,-20.85,18.14,4,signal
P_HixDD>x&IBS<_2,P_Hi#DD>#&IBS<#,2020-03-14,2020-03-14,2020-03-19,1,3492.79,3512.45,19.66,-17.37,21.62,6,signal
C<dvwapxsd_3,C<dvwap#sd,2020-03-04,2020-03-04,2020-03-24,1,3489.70,3522.56,32.86,-14.28,61.06,21,time
C06_3,C06,2020-03-19,2020-03-19,2020-03-25,1,3512.45,3512.45,0.00,-16.01,26.86,7,breakeven
LMT_RSIx<x_xAT_2,LMT_RSI#<#_#ATR,2020-03-25,2020-03-26,2020-03-26,1,3496.77,3482.34,-14.43,-15.99,19.69,1,time
C<wvwapxsd_3,C<wvwap#sd,2020-03-25,2020-03-25,2020-03-26,1,3512.14,3496.77,-15.37,-31.36,4.32,2,sl
IBS<x_4,IBS<#,2020-03-25,2020-03-25,2020-03-26,1,3512.14,3488.37,-23.77,-31.36,4.32,2,sl
RSIx<x_1,RSI#<#,2020-03-25,2020-03-25,2020-03-28,1,3512.14,3464.60,-47.54,-54.06,4.32,4,sl
ConnorsRSI<x_2,ConnorsRSI<#,2020-03-10,2020-03-10,2020-03-28,1,3505.49,3467.00,-38.49,-47.41,33.82,19,sl
C<wvwapxsd_1,C<wvwap#sd,2020-03-24,2020-03-24,2020-03-30,1,3522.56,3469.32,-53.24,-64.48,14.54,7,signal
C<wvwapxsd_4,C<wvwap#sd,2020-03-24,2020-03-24,2020-03-30,1,3522.56,3469.32,-53.24,-64.48,14.54,7,signal
P_HixDD>x&RSIx_2,P_Hi#DD>#&RSI#<#,2020-03-25,2020-03-25,2020-03-30,1,3512.14,3469.32,-42.82,-54.06,4.32,6,signal
P_HixDD>x&RSIx_3,P_Hi#DD>#&RSI#<#,2020-03-26,2020-03-26,2020-03-30,1,3482.34,3469.32,-13.02,-24.26,4.26,5,signal
WRx<x_3,WR#<#,2020-03-26,2020-03-26,2020-03-30,1,3482.34,3469.32,-13.02,-24.26,4.26,5,signal
ConnorsRSI<x_1,ConnorsRSI<#,2020-03-10,2020-03-10,2020-03-30,1,3505.49,3469.32,-36.17,-47.41,33.82,21,time
C<dvwapxsd_3,C<dvwap#sd,2020-03-25,2020-03-25,2020-04-02,1,3512.14,3440.84,-71.30,-75.64,4.32,9,sl
D01_4,D01,2020-03-25,2020-03-25,2020-04-02,1,3512.14,3440.84,-71.30,-75.64,4.32,9,sl
C<wvwapxsd_4,C<wvwap#sd,2020-04-01,2020-04-01,2020-04-04,1,3455.18,3442.92,-12.26,-29.95,2.35,4,signal
IBS<x_3,IBS<#,2020-03-25,2020-03-25,2020-04-04,1,3512.14,3442.92,-69.22,-86.91,4.32,11,time
P_HixDD>x&RSIx_3,P_Hi#DD>#&RSI#<#,2020-03-31,2020-03-31,2020-04-06,1,3463.83,3417.42,-46.41,-58.40,6.17,7,sl
WRx<x_3,WR#<#,2020-04-02,2020-04-02,2020-04-08,1,3442.08,3398.28,-43.80,-46.40,10.63,7,sl
P_HixDD>x&RSIx_3,P_Hi#DD>#&RSI#<#,2020-04-06,2020-04-06,2020-04-12,1,3413.76,3369.18,-44.58,-51.18,17.61,7,sl
WRx<x_3,WR#<#,2020-04-08,2020-04-08,2020-04-12,1,3399.48,3369.08,-30.40,-36.90,16.48,5,signal
WRx<x_3,WR#<#,2020-04-12,2020-04-12,2020-04-15,1,3369.08,3365.61,-3.47,-20.21,8.09,4,signal
P_HixDD>x&RSIx_3,P_Hi#DD>#&RSI#<#,2020-04-12,2020-04-12,2020-04-17,1,3369.08,3364.67,-4.41,-20.21,8.09,6,signal
C<wvwapxsd_4,C<wvwap#sd,2020-04-04,2020-04-04,2020-04-18,1,3442.92,3376.34,-66.58,-94.05,6.68,15,signal
RSIx<x_2,RSI#<#,2020-03-28,2020-03-28,2020-04-19,1,3465.78,3366.23,-99.55,-116.91,13.19,23,signal
C06_3,C06,2020-04-18,2020-04-18,2020-04-20,1,3376.34,3354.03,-22.31,-26.28,0.89,3,sl
C<wvwapxsd_4,C<wvwap#sd,2020-04-19,2020-04-19,2020-04-23,1,3367.25,3366.80,-0.45,-26.47,3.84,5,signal
P_HixDD>x&RSIx_3,P_Hi#DD>#&RSI#<#,2020-04-20,2020-04-20,2020-04-23,1,3360.69,3366.80,6.11,-19.91,10.40,4,signal
WRx<x_3,WR#<#,2020-04-21,2020-04-21,2020-04-23,1,3351.31,3366.80,15.49,-10.53,19.78,3,signal
C06_3,C06,2020-04-23,2020-04-23,2020-04-26,1,3366.80,3344.25,-22.55,-25.28,7.70,4,sl
WRx<x_3,WR#<#,2020-04-26,2020-04-26,2020-04-27,1,3344.38,3352.82,8.44,-2.68,14.34,2,signal
C<wvwapxsd_4,C<wvwap#sd,2020-04-25,2020-04-25,2020-04-28,1,3359.48,3367.18,7.70,-17.96,14.23,4,signal
C06_3,C06,2020-04-28,2020-04-28,2020-04-30,1,3367.18,3367.18,0.00,-12.33,28.54,3,breakeven
P_HixDD>x&RSIx_3,P_Hi#DD>#&RSI#<#,2020-04-26,2020-04-26,2020-05-03,1,3344.38,3381.38,37.00,-2.68,53.63,8,signal
C<wvwapxsd_4,C<wvwap#sd,2020-05-02,2020-05-02,2020-05-04,1,3388.14,3384.56,-3.58,-17.16,10.99,3,signal
C06_3,C06,2020-05-06,2020-05-06,2020-05-07,1,3388.14,3349.55,-38.59,-51.33,1.36,2,sl
WRx<x_3,WR#<#,2020-05-08,2020-05-08,2020-05-09,1,3328.78,3318.44,-10.34,-14.60,5.51,2,signal
C<wvwapxsd_4,C<wvwap#sd,2020-05-04,2020-05-04,2020-05-10,1,3384.56,3330.43,-54.13,-74.40,25.62,7,signal
P_HixDD>x&RSIx_3,P_Hi#DD>#&RSI#<#,2020-05-07,2020-05-07,2020-05-10,1,3349.95,3330.43,-19.52,-39.79,0.77,4,signal
WRx<x_3,WR#<#,2020-05-09,2020-05-09,2020-05-10,1,3318.44,3330.43,11.99,-8.28,12.74,2,signal
C<wvwapxsd_4,C<wvwap#sd,2020-05-11,2020-05-11,2020-05-12,1,3307.52,3320.33,12.81,-6.53,15.92,2,signal
WRx<x_3,WR#<#,2020-05-11,2020-05-11,2020-05-12,1,3307.52,3320.33,12.81,-6.53,15.92,2,signal
P_HixDD>x&RSIx_3,P_Hi#DD>#&RSI#<#,2020-05-11,2020-05-11,2020-05-13,1,3307.52,3340.66,33.14,-6.53,33.96,3,signal
RSIx<x_2,RSI#<#,2020-05-08,2020-05-08,2020-05-14,1,3328.78,3336.19,7.41,-30.51,12.70,7,signal
