family,rclass,n,pos_disc,pos_val,pos_oos,med_pf,med_sharpe,med_expo,min_share,accepted
LMT_Down#_#ATR,short_term,1140,0.862280701754386,0.8508771929824561,0.9166666666666666,2.276563485115592,0.5807083896490244,0.06873706004140787,0.8508771929824561,True
DeltaZ<#,short_term,1710,0.8912280701754386,0.8245614035087719,0.8046783625730994,1.5226754969957157,0.43400029560755576,0.1598343685300207,0.8046783625730994,True
TurnaroundMon,short_term,570,0.9192982456140351,0.787719298245614,0.8122807017543859,1.4642269793667688,0.41061724483407674,0.17349896480331262,0.787719298245614,True
C<prev_qvwap,short_term,570,0.9631578947368421,0.7684210526315789,0.9912280701754386,2.0892061306569083,0.6376559042795038,0.11159420289855072,0.7684210526315789,True
IBS<#,short_term,2850,0.9919298245614036,0.7564912280701754,0.9112280701754386,1.520905271701578,0.5984717732893586,0.2685300207039337,0.7564912280701754,True
DownDays>=#,short_term,2280,0.7710526315789473,0.7324561403508771,0.9557017543859649,1.797072330654421,0.46919457547129484,0.07846790890269151,0.7324561403508771,False
C<prev_wvwap,short_term,570,0.9824561403508771,0.7035087719298245,0.9210526315789473,1.361889095500295,0.5000506663326247,0.29834368530020705,0.7035087719298245,False
SweepPrevWeekVAL,short_term,570,0.9210526315789473,0.6964912280701754,0.9491228070175438,1.4823048201248183,0.5320763019786139,0.1869565217391304,0.6964912280701754,False
TurtleSoup#,LT_bull,342,0.7923976608187134,0.6783625730994152,0.7426900584795322,1.4509803921568627,0.2624298182359366,0.04782608695652174,0.6783625730994152,False
LMT@prevWeekVAL,short_term,570,0.9070175438596492,0.6894736842105263,0.6719298245614035,1.2576328799576904,0.32574335814021493,0.2511387163561076,0.6719298245614035,False
Breakout#dHigh,short_term,1710,0.9953216374269006,0.6719298245614035,0.7941520467836257,1.2596522311870437,0.41619776498727246,0.3958592132505176,0.6719298245614035,False
C<wvwap#sd,short_term,2850,0.9785964912280701,0.6691228070175439,0.9687719298245614,1.5438507796549275,0.5835481895125643,0.265424430641822,0.6691228070175439,False
LowerLows>=#,short_term,2280,0.8328947368421052,0.6456140350877193,0.9578947368421052,1.8189023745422075,0.48328763782640566,0.0803312629399586,0.6456140350877193,False
TurnaroundMon,LT_bull,342,0.9532163742690059,0.6403508771929824,0.6783625730994152,1.3261049868105808,0.3211898993374357,0.1753623188405797,0.6403508771929824,False
CumRSI#x#<#,short_term,4560,0.7958333333333333,0.6375,0.9842105263157894,1.9146257430121565,0.5452907969798668,0.06790890269151138,0.6375,False
LMT_Down#_#ATR,LT_bull,684,0.8494152046783626,0.631578947368421,0.9078947368421053,1.606165035601026,0.445667234687196,0.0886128364389234,0.631578947368421,False
C<dvwap#sd,short_term,2850,0.9929824561403509,0.6312280701754386,0.9280701754385965,1.5623668396593842,0.6022966467491055,0.3060041407867495,0.6312280701754386,False
DeltaZ<#,LT_bull,1026,0.6900584795321637,0.6754385964912281,0.6159844054580896,1.1765415344851573,0.1843101631478466,0.16853002070393375,0.6159844054580896,False
LMT_RSI#<#_#ATR,short_term,5130,0.9079922027290448,0.6048732943469786,0.9693957115009747,2.192161385263383,0.6364166557313986,0.08198757763975155,0.6048732943469786,False
C<prevDayVAL,short_term,570,0.9947368421052631,0.6017543859649123,0.9771929824561404,1.3915953955244884,0.5682063133203623,0.4153209109730849,0.6017543859649123,False
TOM_d#,short_term,2850,0.8933333333333333,0.6431578947368422,0.5880701754385965,1.3612252023997495,0.3212025144069499,0.10745341614906832,0.5880701754385965,False
STOP@#dHigh,LT_bull,1026,0.7066276803118908,0.723196881091618,0.5857699805068226,1.1575006423758474,0.21954902271066845,0.34513457556935817,0.5857699805068226,False
STOP@#dHigh,short_term,1710,0.7257309941520468,0.5842105263157895,0.6789473684210526,1.135126539142223,0.19306660303673476,0.3807453416149068,0.5842105263157895,False
LowSweep_prev_mvwap,short_term,570,0.6701754385964912,0.8140350877192982,0.5684210526315789,1.2286739439726682,0.20927543602320872,0.10331262939958592,0.5684210526315789,False
Breakout#dHigh,LT_bull,1026,1.0,0.5555555555555556,0.6442495126705653,1.180930177990529,0.27432644556214036,0.36231884057971014,0.5555555555555556,False
TurtleSoup#,short_term,570,0.5350877192982456,0.7070175438596491,0.5929824561403508,1.3365650969529086,0.12459771222685807,0.02256728778467909,0.5350877192982456,False
DownDay&DeltaPos,short_term,570,0.9631578947368421,0.7456140350877193,0.5298245614035088,1.2226535820369109,0.26517504018703125,0.2289855072463768,0.5298245614035088,False
RSI#<#,short_term,11400,0.8574561403508771,0.507719298245614,0.893859649122807,1.7551669316375198,0.5001796197451156,0.07991718426501035,0.507719298245614,False
Reclaim_mvwap,LT_bull,342,0.9385964912280702,0.49707602339181284,0.7748538011695907,1.2409059048171514,0.27654746789246093,0.1650103519668737,0.49707602339181284,False
TOM_d#,LT_bull,1710,0.8666666666666667,0.6690058479532164,0.4760233918128655,1.2778848426927158,0.2555460815632646,0.1113871635610766,0.4760233918128655,False
DownDays>=#,LT_bull,1368,0.5869883040935673,0.4554093567251462,0.9766081871345029,1.435789322359942,0.3535678631057174,0.09792960662525879,0.4554093567251462,False
ConnorsRSI<#,short_term,2394,0.8830409356725146,0.4494569757727652,0.8483709273182958,1.6913093613323875,0.4837582283322279,0.09233954451345756,0.4494569757727652,False
C<qvwap#sd,short_term,2280,0.7697368421052632,0.4482456140350877,0.7916666666666666,1.3794161140075196,0.2706754050125583,0.06604554865424431,0.4482456140350877,False
C<prev_qvwap,LT_bull,342,0.9736842105263158,0.4444444444444444,0.8801169590643275,1.42519204982632,0.3726333647386145,0.11118012422360249,0.4444444444444444,False
#DownIntoFri,LT_bull,684,0.4444444444444444,0.4619883040935672,0.7470760233918129,1.1641510796562429,0.12019867109129806,0.06086956521739131,0.4444444444444444,False
C<prevWeekPOC,short_term,570,0.9947368421052631,0.4263157894736842,0.9649122807017544,1.4187216670887484,0.5629792363721065,0.32608695652173914,0.4263157894736842,False
PreHoliday,short_term,570,0.9824561403508771,0.4666666666666667,0.4245614035087719,1.6443924714945521,0.24118310713920355,0.03064182194616977,0.4245614035087719,False
ATH_DD##&Down,LT_bull,912,0.7280701754385965,0.4232456140350877,0.743421052631579,1.36930094085765,0.31060680439375754,0.07018633540372671,0.4232456140350877,False
LowSweep_prev_mvwap,LT_bull,342,0.6228070175438597,0.41812865497076024,0.6198830409356725,1.0443122636412328,0.040988274033361825,0.10124223602484472,0.41812865497076024,False
CloseAt#dLow,short_term,2280,0.9548245614035088,0.41271929824561404,0.9662280701754385,1.6164615937929028,0.5044680477171426,0.13519668737060042,0.41271929824561404,False
LMT@wvwap#sd,short_term,1710,0.9701754385964912,0.4017543859649123,0.791812865497076,1.2099936185384537,0.3552128316981167,0.4668737060041408,0.4017543859649123,False
EMA#>#cross,short_term,570,0.8298245614035088,0.3912280701754386,0.6789473684210526,1.2351434471634068,0.1633551540952269,0.061076604554865424,0.3912280701754386,False
IBS<#,LT_bull,1710,0.9660818713450292,0.3871345029239766,0.9812865497076023,1.4625358367162442,0.5625010344931514,0.28716356107660457,0.3871345029239766,False
OpexWeekMon,short_term,570,0.6052631578947368,0.4,0.38070175438596493,0.9236637102899461,-0.08794725026641859,0.11801242236024845,0.38070175438596493,False
#DownIntoFri,short_term,1140,0.5842105263157895,0.3780701754385965,0.787719298245614,1.136869253239546,0.09312187405353381,0.051759834368530024,0.3780701754385965,False
LMT_RSI#<#_#ATR,LT_bull,3078,0.9428200129954516,0.34860298895386616,0.9902534113060428,1.932777625283069,0.6564117348435197,0.1093167701863354,0.34860298895386616,False
DownDay&DeltaPos,LT_bull,342,0.9444444444444444,0.347953216374269,0.3713450292397661,1.0553955755679072,0.06853748472873972,0.2329192546583851,0.347953216374269,False
#Down&CD#pos,short_term,570,0.34210526315789475,0.7578947368421053,0.8473684210526315,1.6778116324076575,0.23705522262757514,0.02587991718426501,0.34210526315789475,False
WR#<#,short_term,1710,0.9140350877192982,0.32923976608187133,0.7298245614035088,1.857967732095247,0.38355519088715156,0.03436853002070393,0.32923976608187133,False
Reclaim_wvwap,LT_bull,342,0.8859649122807017,0.32748538011695905,0.7719298245614035,1.1876183100755915,0.27141076801743524,0.3318840579710145,0.32748538011695905,False
Reclaim_mvwap,short_term,570,1.0,0.3192982456140351,0.8192982456140351,1.306324970744807,0.340542556561084,0.1743271221532091,0.3192982456140351,False
LowerLows>=#,LT_bull,1368,0.7317251461988304,0.31505847953216376,0.9744152046783626,1.3628051056206616,0.3359911591485331,0.10766045548654245,0.31505847953216376,False
Reclaim_wvwap,short_term,570,0.9736842105263158,0.312280701754386,0.8403508771929824,1.2558733016624077,0.3771157012495085,0.33664596273291925,0.312280701754386,False
ATH_DD##&Down,short_term,1710,0.8175438596491228,0.30935672514619883,0.6415204678362573,1.3430798370736938,0.2410474138166203,0.06252587991718427,0.30935672514619883,False
C<prev_mvwap,short_term,456,0.9517543859649122,0.3092105263157895,0.8947368421052632,1.3811517700787626,0.37914194473239293,0.16231884057971013,0.3092105263157895,False
PreHoliday,LT_bull,342,0.9824561403508771,0.49415204678362573,0.28654970760233917,1.4312948937988517,0.1975564125730196,0.03064182194616977,0.28654970760233917,False
C<SMA##ATR,short_term,1710,0.9257309941520467,0.28596491228070176,0.6883040935672514,2.0931345502934136,0.3901683016590637,0.02525879917184265,0.28596491228070176,False
Low#&CDpos,short_term,1140,0.3956140350877193,0.28596491228070176,0.775438596491228,1.1061373958606762,0.06865125680200398,0.05942028985507246,0.28596491228070176,False
EMA#>#cross,LT_bull,342,0.8333333333333334,0.2777777777777778,0.6812865497076024,1.1338824539389432,0.08866992952926722,0.05714285714285714,0.2777777777777778,False
CumRSI#x#<#,LT_bull,2736,0.6699561403508771,0.24926900584795322,0.998172514619883,1.5942038252879853,0.4893977104446749,0.10476190476190476,0.24926900584795322,False
C<mvwap#sd,short_term,2850,0.9431578947368421,0.2336842105263158,0.8687719298245614,1.4104689333012284,0.35802040230832477,0.12753623188405797,0.2336842105263158,False
C<qvwap#sd,LT_bull,1710,0.8719298245614036,0.23333333333333334,0.9502923976608187,1.29498749637272,0.285945561853763,0.12256728778467908,0.23333333333333334,False
OpexWeekMon,LT_bull,342,0.695906432748538,0.22807017543859648,0.43567251461988304,0.9742306032814119,-0.024013727300578068,0.11552795031055901,0.22807017543859648,False
BigDown&DeltaPos,short_term,570,0.7473684210526316,0.22631578947368422,0.6894736842105263,1.2845238095238096,0.11433624921044452,0.020289855072463767,0.22631578947368422,False
LMT@wvwap#sd,LT_bull,1026,0.9454191033138402,0.2202729044834308,0.716374269005848,1.1684503876823877,0.2837785187795877,0.4546583850931677,0.2202729044834308,False
C<prevDayVAL,LT_bull,342,1.0,0.21929824561403508,0.956140350877193,1.2924322722585262,0.47656201731845704,0.41076604554865426,0.21929824561403508,False
LowSweep_prev_wvwap,short_term,570,1.0,0.21228070175438596,0.6859649122807018,1.2608900260381433,0.3311984478775206,0.22857142857142856,0.21228070175438596,False
%b<#,short_term,2280,0.9114035087719298,0.21096491228070174,0.7850877192982456,1.9304657588389875,0.3493791827228755,0.026915113871635612,0.21096491228070174,False
BigDown>#ATR,LT_bull,1026,0.7056530214424951,0.20857699805068225,0.8245614035087719,1.4143529627728733,0.2747560712975461,0.057971014492753624,0.20857699805068225,False
#Down&CD#pos,LT_bull,342,0.20760233918128654,0.28362573099415206,0.9298245614035088,1.4256890764686654,0.22919816645506755,0.03643892339544513,0.20760233918128654,False
NR#_BuyStop,short_term,570,0.6912280701754386,0.45614035087719296,0.20526315789473684,0.9599716632065373,-0.05923660027675795,0.22153209109730848,0.20526315789473684,False
Inside_BuyStop,LT_bull,342,0.783625730994152,0.2046783625730994,0.6871345029239766,1.075030258111977,0.07346851517119848,0.13436853002070392,0.2046783625730994,False
C<dvwap#sd,LT_bull,1710,0.9853801169590644,0.204093567251462,0.9719298245614035,1.4205980743796784,0.5104725943919319,0.32401656314699795,0.204093567251462,False
GapDownWeak>#ATR,short_term,1710,0.8736842105263158,0.19941520467836257,0.7467836257309941,1.6021019653665196,0.3109025497436073,0.05879917184265011,0.19941520467836257,False
C<prevWeekVAL,short_term,570,0.9578947368421052,0.19298245614035087,0.9859649122807017,1.487063368816508,0.5051754576024727,0.19461697722567287,0.19298245614035087,False
C<wvwap#sd,LT_bull,1710,0.9853801169590644,0.18888888888888888,0.9923976608187135,1.4864509403137927,0.5609615500604503,0.2971014492753623,0.18888888888888888,False
RSI#<#,LT_bull,8208,0.7108918128654971,0.1823830409356725,0.8695175438596491,1.566203071683768,0.5098349759486414,0.09399585921325052,0.1823830409356725,False
ConnorsRSI<#,LT_bull,1710,0.7093567251461989,0.17719298245614035,0.7964912280701755,1.4766333628026345,0.4499257285916859,0.09979296066252588,0.17719298245614035,False
SweepPrevWeekVAL,LT_bull,342,0.9122807017543859,0.1695906432748538,0.8888888888888888,1.2515714269136595,0.31267815240883245,0.1979296066252588,0.1695906432748538,False
%b<#,LT_bull,1368,0.966374269005848,0.16374269005847952,0.9692982456140351,1.6335638978611704,0.47111363995699945,0.08302277432712216,0.16374269005847952,False
C<SMA##ATR,LT_bull,1026,0.8226120857699805,0.16374269005847952,0.9805068226120858,1.6661935403716042,0.43410313619275454,0.050724637681159424,0.16374269005847952,False
NR#_BuyStop,LT_bull,342,0.6637426900584795,0.652046783625731,0.14912280701754385,0.8888298648794679,-0.15749265880526042,0.20351966873706004,0.14912280701754385,False
CloseAt#dLow,LT_bull,1368,0.9802631578947368,0.14035087719298245,0.9926900584795322,1.5370231093547249,0.5422541394610487,0.18095238095238095,0.14035087719298245,False
BigDown>#ATR,short_term,1710,0.8157894736842105,0.13859649122807016,0.6502923976608187,1.2698969528312365,0.16409963147885104,0.035196687370600416,0.13859649122807016,False
LMT@prevWeekVAL,LT_bull,342,0.9152046783625731,0.13450292397660818,0.631578947368421,1.0988295945032838,0.1355905405950577,0.25817805383022774,0.13450292397660818,False
C<prev_mvwap,LT_bull,342,0.9649122807017544,0.13157894736842105,0.9619883040935673,1.256373207989594,0.36574652462460466,0.22339544513457557,0.13157894736842105,False
C<mvwap#sd,LT_bull,1710,0.9421052631578948,0.10175438596491228,0.9923976608187135,1.413936354400339,0.411791971085954,0.18343685300207038,0.10175438596491228,False
C<prevWeekPOC,LT_bull,342,0.9444444444444444,0.09941520467836257,0.9970760233918129,1.2576426362364435,0.4178352187535871,0.3387163561076605,0.09941520467836257,False
LowSweep_prev_qvwap,LT_bull,342,0.6900584795321637,0.09064327485380116,0.9064327485380117,1.204452806522421,0.14277042623853434,0.049689440993788817,0.09064327485380116,False
LMT@mvwap#sd,short_term,1710,0.9321637426900585,0.08830409356725147,0.8660818713450292,1.1446822261550422,0.1890661734122608,0.26335403726708073,0.08830409356725147,False
BigDown&DeltaPos,LT_bull,342,0.7923976608187134,0.08771929824561403,0.8625730994152047,1.5522857894809248,0.2806854954237376,0.038302277432712216,0.08771929824561403,False
WR#<#,LT_bull,1026,0.9259259259259259,0.08771929824561403,0.9951267056530214,2.0433559741043794,0.5699519557343686,0.06521739130434782,0.08771929824561403,False
C<prev_wvwap,LT_bull,342,0.8918128654970761,0.07309941520467836,0.9912280701754386,1.1958525695468825,0.33937197831236954,0.31200828157349897,0.07309941520467836,False
Low#&CDpos,LT_bull,684,0.46345029239766083,0.05847953216374269,0.7748538011695907,1.0437893317350917,0.030607316162166887,0.08198757763975155,0.05847953216374269,False
LMT@mvwap#sd,LT_bull,1026,0.919103313840156,0.05165692007797271,0.6539961013645225,1.1177297180110626,0.15370374062446257,0.25838509316770186,0.05165692007797271,False
Inside_BuyStop,short_term,570,0.7350877192982456,0.043859649122807015,0.8210526315789474,1.0343067776841597,0.0310480019208517,0.14202898550724638,0.043859649122807015,False
LowSweep_prev_wvwap,LT_bull,342,1.0,0.038011695906432746,0.7309941520467836,1.2391581934966116,0.2922177539808576,0.2277432712215321,0.038011695906432746,False
LowSweep_prev_qvwap,short_term,570,0.9491228070175438,0.03508771929824561,0.9350877192982456,1.0836158302743204,0.05267965512323848,0.0484472049689441,0.03508771929824561,False
C<prevWeekVAL,LT_bull,342,0.935672514619883,0.029239766081871343,0.9941520467836257,1.4170433931748458,0.5334100372663211,0.22857142857142856,0.029239766081871343,False
GapDownWeak>#ATR,LT_bull,1026,0.9074074074074074,0.02631578947368421,0.7807017543859649,1.4585366524171492,0.3032318164877218,0.07743271221532091,0.02631578947368421,False
HolyGrail,LT_bull,342,0.2894736842105263,0.0,0.5350877192982456,0.9586723294958557,-0.009970534585840823,0.0033126293995859213,0.0,False
HolyGrail,short_term,570,0.3333333333333333,0.0,0.5350877192982456,1.1627906976744187,0.03428830778516969,0.0033126293995859213,0.0,False
