cagr,maxdd,vol,sharpe,mar,beta,alpha_ann,alpha_ir,alpha_t,family,side,variants,exposure,vm_cagr,vm_maxdd,vm_mult,beats_bh
2.67,-3.8,2.5,1.05,0.71,0.14,1.27,0.71,3.03,LMT_RSI#<#_#ATR,1,8280,0.9969196919691969,13.81,-18.4,5.2,True
-0.15,-11.3,3.2,-0.03,-0.01,-0.15,1.37,0.53,2.26,BigDown>#ATR,-1,533,0.9326732673267327,-1.23,-40.7,4.1,False
3.46,-5.9,3.8,0.92,0.59,0.22,1.2,0.51,2.17,C<dvwap#sd,1,5078,0.9997799779977998,11.88,-19.3,3.5,True
3.8,-5.9,4.2,0.91,0.65,0.25,1.28,0.5,2.12,C<wvwap#sd,1,5082,0.9997799779977998,11.79,-17.7,3.1,True
1.82,-5.1,2.1,0.86,0.36,0.1,0.81,0.49,2.08,C06,1,2653,0.7421342134213421,11.06,-28.1,6.2,True
2.85,-5.2,3.2,0.89,0.55,0.19,0.97,0.47,2.01,P_Hi#DD>#&RSI#<#,1,10860,0.994939493949395,11.49,-20.8,4.1,True
3.83,-7.4,4.3,0.9,0.52,0.26,1.24,0.47,2.01,IBS<#,1,5090,0.9997799779977998,11.56,-21.3,3.1,True
2.11,-4.3,2.5,0.86,0.49,0.13,0.86,0.47,1.98,WR#<#,1,2038,0.9636963696369637,11.0,-21.7,5.3,True
3.56,-10.1,4.2,0.86,0.35,0.22,1.41,0.46,1.95,B03,1,3008,0.9289328932893289,10.98,-29.8,3.2,False
2.02,-4.7,2.4,0.86,0.43,0.13,0.73,0.44,1.88,D01,1,11428,0.9852585258525852,11.01,-23.8,5.6,True
1.94,-6.1,2.5,0.78,0.32,0.11,0.88,0.42,1.8,C04,1,13153,0.8138613861386138,9.84,-29.3,5.3,False
3.33,-6.9,3.9,0.86,0.48,0.23,0.99,0.42,1.78,CloseAt#dLow,1,3700,0.9997799779977998,11.07,-22.4,3.4,True
1.43,-5.0,1.7,0.82,0.28,0.09,0.53,0.41,1.75,D05,1,2030,0.9425742574257425,10.46,-33.1,7.5,False
2.58,-6.3,3.0,0.85,0.41,0.18,0.8,0.41,1.75,RSI#<#,1,16427,0.9997799779977998,10.95,-26.6,4.3,True
1.68,-5.1,2.2,0.76,0.33,0.09,0.76,0.4,1.72,LMT_Down#_#ATR,1,2015,0.8231023102310231,9.54,-28.0,5.9,False
3.28,-10.2,4.2,0.79,0.32,0.21,1.24,0.39,1.64,E05,1,1010,0.9810781078107811,10.02,-29.9,3.1,False
2.98,-6.2,3.6,0.84,0.48,0.22,0.81,0.38,1.62,P_Hi#DD>#&IBS<#,1,5471,0.9973597359735974,10.77,-21.6,3.7,True
2.54,-6.8,3.1,0.82,0.37,0.18,0.79,0.38,1.61,ConnorsRSI<#,1,3580,0.9969196919691969,10.51,-27.3,4.2,True
2.34,-6.9,3.2,0.73,0.34,0.13,1.02,0.38,1.6,C07,1,2042,0.8105610561056106,9.2,-26.8,4.1,False
-0.92,-19.8,4.0,-0.21,-0.05,-0.19,1.12,0.37,1.56,DownDay&DeltaPos,-1,464,0.8721672167216722,-3.57,-54.2,3.3,False
1.72,-4.8,2.5,0.69,0.36,0.1,0.72,0.34,1.44,A04,1,4355,0.7984598459845985,8.63,-23.6,5.3,False
1.86,-5.2,2.5,0.76,0.36,0.13,0.59,0.33,1.39,CumRSI#x#<#,1,6946,0.9892189218921892,9.6,-26.6,5.4,False
-2.4,-39.3,5.2,-0.45,-0.06,-0.32,0.96,0.33,1.39,C<dvwap#sd,-1,2167,0.9995599559955995,-6.51,-74.6,2.6,False
-2.38,-38.7,5.4,-0.42,-0.06,-0.33,1.06,0.33,1.38,IBS<#,-1,2528,0.9986798679867986,-6.17,-72.2,2.4,False
1.54,-8.4,2.4,0.65,0.18,0.09,0.66,0.31,1.34,A02,1,3402,0.7408140814081409,7.99,-40.5,5.5,False
1.01,-3.1,1.4,0.7,0.33,0.06,0.36,0.31,1.3,B01,1,8473,0.7535753575357536,8.71,-25.7,9.1,False
0.89,-6.1,1.8,0.51,0.14,0.04,0.5,0.3,1.26,A05,1,609,0.30385038503850387,6.0,-39.5,7.5,False
2.58,-7.1,3.4,0.76,0.36,0.19,0.7,0.3,1.26,G03,1,4039,0.9753575357535753,9.58,-25.4,3.8,False
0.85,-6.4,1.7,0.52,0.13,0.04,0.46,0.29,1.25,A08,1,493,0.32387238723872386,6.14,-42.7,7.9,False
1.56,-6.5,2.2,0.72,0.24,0.11,0.48,0.29,1.23,P_Down#&BelowW#ATR,1,3855,0.9122112211221122,8.99,-35.2,6.0,False
1.84,-5.1,2.6,0.73,0.36,0.13,0.54,0.28,1.2,C<SMA##ATR,1,1648,0.9724972497249725,9.08,-25.0,5.1,False
1.59,-6.2,2.2,0.72,0.26,0.11,0.46,0.28,1.19,P_Down#&BelowM#ATR,1,5324,0.9324532453245324,9.07,-33.5,6.0,False
2.37,-6.6,3.2,0.75,0.36,0.18,0.6,0.27,1.16,C<mvwap#sd,1,4713,0.994939493949395,9.4,-25.6,4.1,False
3.31,-9.1,4.6,0.73,0.36,0.27,0.68,0.22,0.95,C<prevWeekVAL,1,1020,0.9988998899889989,9.09,-24.3,2.8,False
1.31,-7.4,2.4,0.55,0.18,0.09,0.46,0.22,0.92,A03,1,5008,0.6651265126512651,6.65,-37.8,5.5,False
-1.85,-31.8,5.4,-0.32,-0.06,-0.26,0.87,0.21,0.88,S_VolExp_LostPrevWeekLow,-1,352,0.6501650165016502,-4.92,-63.8,2.4,False
3.98,-9.1,5.5,0.74,0.44,0.33,0.68,0.21,0.88,C<prevDayVAL,1,1018,0.9997799779977998,9.23,-20.6,2.4,False
-1.75,-28.8,4.1,-0.41,-0.06,-0.22,0.58,0.2,0.85,GapDownWeak>#ATR,-1,615,0.9876787678767877,-6.05,-69.6,3.2,False
2.23,-9.1,3.3,0.68,0.25,0.18,0.47,0.2,0.85,P_Hi#DD>#&%b<#,1,4994,0.9984598459845985,8.42,-33.5,4.0,False
0.57,-4.6,1.4,0.41,0.13,0.03,0.27,0.2,0.84,P_NRWeek_BuyStop,1,893,0.28404840484048405,4.69,-37.6,9.4,False
1.84,-5.8,2.9,0.65,0.32,0.14,0.42,0.2,0.83,%b<#,1,2732,0.990979097909791,8.06,-26.7,4.6,False
1.29,-3.9,2.2,0.59,0.33,0.09,0.36,0.19,0.82,C01,1,5685,0.8046204620462046,7.09,-22.7,5.9,False
-0.89,-21.2,3.8,-0.21,-0.04,-0.14,0.63,0.19,0.8,S_Breakdown#dLow_bear,-1,615,0.2011001100110011,-3.66,-59.9,3.5,False
2.11,-5.9,3.2,0.67,0.36,0.17,0.41,0.18,0.76,C<prev_qvwap,1,885,0.7542354235423543,8.24,-22.7,4.1,False
1.79,-5.1,2.7,0.67,0.35,0.15,0.34,0.18,0.76,LowerLows>=#,1,3056,0.9982398239823982,8.27,-23.0,4.9,False
-0.81,-19.6,3.4,-0.22,-0.04,-0.13,0.53,0.18,0.76,LowSweep_prev_mvwap,-1,256,0.6622662266226622,-3.7,-61.4,3.9,False
1.47,-5.6,2.6,0.58,0.26,0.11,0.35,0.17,0.72,P_NewLow#&NoCDLow,1,993,0.7995599559955996,7.04,-26.7,5.1,False
0.8,-6.4,1.9,0.43,0.13,0.05,0.29,0.17,0.71,A10,1,1239,0.48668866886688666,4.95,-37.8,7.0,False
0.96,-4.7,2.1,0.47,0.2,0.07,0.31,0.16,0.7,D03,1,1836,0.6310231023102311,5.41,-27.4,6.3,False
1.85,-5.8,2.8,0.67,0.32,0.16,0.29,0.15,0.66,DownDays>=#,1,3044,0.998019801980198,8.27,-26.0,4.7,False
-2.62,-40.0,4.8,-0.53,-0.07,-0.29,0.41,0.14,0.61,C<wvwap#sd,-1,2252,0.9973597359735974,-7.57,-77.8,2.8,False
-1.2,-20.8,3.5,-0.33,-0.06,-0.15,0.4,0.14,0.6,C<SMA##ATR,-1,149,0.8756875687568757,-5.08,-63.0,3.8,False
2.2,-6.3,3.6,0.62,0.35,0.19,0.35,0.13,0.57,TurnaroundMon,1,1015,0.9841584158415841,7.64,-21.6,3.7,False
-3.37,-49.9,6.0,-0.54,-0.07,-0.37,0.48,0.13,0.57,C<prevDayVAL,-1,506,0.9986798679867986,-7.66,-79.7,2.2,False
0.83,-5.4,2.0,0.43,0.15,0.06,0.24,0.13,0.56,C05,1,1821,0.5427942794279428,4.85,-32.5,6.6,False
0.99,-3.8,1.6,0.61,0.26,0.08,0.14,0.12,0.5,ATH_DD##&Down,1,2356,0.8774477447744774,7.48,-28.3,8.1,False
0.33,-5.0,1.2,0.28,0.07,0.02,0.13,0.12,0.49,PreHoliday,1,288,0.23696369636963696,2.9,-46.7,11.2,False
-1.69,-30.1,4.2,-0.39,-0.06,-0.2,0.37,0.11,0.48,STOP@#dHigh,-1,1266,0.6048404840484048,-5.8,-70.8,3.2,False
0.5,-5.3,1.6,0.32,0.09,0.03,0.17,0.11,0.47,P_DeltaClimax<#&CloseHigh,1,962,0.24312431243124313,3.41,-37.7,8.3,False
1.02,-5.6,2.2,0.47,0.18,0.08,0.21,0.11,0.46,G01,1,2030,0.6807480748074808,5.43,-32.6,5.9,False
0.82,-5.1,2.3,0.37,0.16,0.06,0.23,0.11,0.46,#Down&CD#pos,1,126,0.15313531353135312,4.18,-28.2,5.8,False
1.07,-7.8,2.4,0.45,0.14,0.09,0.21,0.1,0.43,C02,1,1780,0.6836083608360836,5.24,-37.6,5.4,False
3.48,-12.2,5.4,0.66,0.28,0.32,0.32,0.1,0.41,C<prevWeekPOC,1,1020,0.9991199119911991,8.19,-28.3,2.5,False
0.54,-6.4,2.0,0.28,0.08,0.04,0.18,0.09,0.4,A12,1,74,0.10517051705170517,2.85,-37.7,6.6,False
3.37,-12.0,5.3,0.65,0.28,0.31,0.29,0.09,0.37,C<prev_wvwap,1,1020,0.9997799779977998,8.05,-28.4,2.5,False
1.42,-5.3,2.5,0.57,0.27,0.13,0.16,0.08,0.36,TOM_d#,1,5051,0.9817381738173817,6.93,-25.5,5.3,False
1.37,-5.4,2.5,0.55,0.25,0.12,0.16,0.08,0.35,BigDown>#ATR,1,1725,0.9375137513751375,6.63,-26.0,5.2,False
1.2,-5.6,2.4,0.51,0.21,0.11,0.15,0.08,0.33,E04,1,2022,0.9392739273927393,5.96,-27.8,5.4,False
0.71,-5.7,1.9,0.38,0.13,0.06,0.13,0.07,0.31,LowSweep_prev_qvwap,1,856,0.6655665566556656,4.23,-35.1,6.9,False
1.53,-8.2,2.7,0.57,0.19,0.14,0.13,0.06,0.27,A01,1,5743,0.9988998899889989,6.8,-35.3,4.8,False
1.32,-5.2,2.4,0.55,0.25,0.12,0.12,0.06,0.27,GapDownWeak>#ATR,1,1961,0.9124312431243125,6.56,-26.1,5.4,False
1.36,-10.1,2.7,0.51,0.14,0.12,0.13,0.06,0.26,OpexWeekMon,1,1009,0.9784378437843785,6.02,-41.6,4.8,False
1.1,-6.8,2.6,0.44,0.16,0.1,0.12,0.05,0.23,TurtleSoup#,1,633,0.722992299229923,4.99,-31.6,5.1,False
1.77,-6.7,3.9,0.47,0.26,0.16,0.17,0.05,0.23,Breakout#dHigh,1,3019,0.9612761276127613,5.48,-21.7,3.4,False
2.21,-8.6,4.1,0.56,0.26,0.21,0.1,0.04,0.15,E01,1,3040,0.9975797579757976,6.72,-25.9,3.2,False
0.89,-6.4,2.6,0.36,0.14,0.08,0.08,0.04,0.15,E07,1,1010,0.667986798679868,3.94,-29.9,5.2,False
-1.13,-20.4,2.7,-0.4,-0.06,-0.11,0.06,0.02,0.11,LMT_Down#_#ATR,-1,424,0.9361936193619362,-5.97,-69.4,4.8,False
1.32,-7.8,2.7,0.5,0.17,0.13,0.05,0.02,0.11,DeltaZ<#,1,3007,0.8622662266226623,5.93,-34.6,4.9,False
-0.88,-15.2,2.6,-0.33,-0.06,-0.09,0.02,0.01,0.04,EMA#>#cross,-1,256,0.5221122112211221,-5.03,-61.2,5.1,False
-1.84,-28.9,3.4,-0.53,-0.06,-0.18,0.02,0.01,0.03,ConnorsRSI<#,-1,1260,0.9927392739273927,-7.53,-76.1,3.9,False
1.38,-7.8,3.6,0.4,0.18,0.14,0.01,0.0,0.01,STOP@#dHigh,1,3014,0.8642464246424643,4.54,-26.7,3.7,False
1.08,-4.8,2.1,0.52,0.22,0.11,0.01,0.0,0.01,B02,1,4718,0.906050605060506,6.17,-27.4,6.3,False
0.62,-5.6,1.6,0.39,0.11,0.06,0.0,0.0,0.0,B04,1,1333,0.7069306930693069,4.37,-38.7,8.2,False
-2.02,-31.8,3.8,-0.52,-0.06,-0.19,-0.02,-0.01,-0.03,TurnaroundMon,-1,490,0.9861386138613861,-7.48,-76.6,3.5,False
1.95,-9.1,4.2,0.48,0.21,0.2,-0.04,-0.01,-0.05,LMT@prevWeekVAL,1,1018,0.9621562156215622,5.67,-26.5,3.2,False
0.78,-9.1,2.5,0.32,0.09,0.08,-0.03,-0.01,-0.05,P_SweepPrevMonthVAL,1,883,0.7535753575357536,3.45,-41.7,5.2,False
0.7,-5.6,2.4,0.3,0.12,0.07,-0.03,-0.01,-0.06,P_Breakout#d&Compress<#,1,4016,0.765016501650165,3.17,-29.7,5.5,False
0.36,-5.8,1.6,0.23,0.06,0.04,-0.03,-0.02,-0.07,F05,1,1249,0.45654565456545654,2.11,-41.2,8.0,False
1.59,-11.0,3.7,0.44,0.14,0.17,-0.06,-0.02,-0.09,SweepPrevWeekVAL,1,1016,0.9177117711771177,5.06,-34.4,3.5,False
1.05,-5.7,2.3,0.47,0.19,0.11,-0.04,-0.02,-0.1,A07,1,7872,0.9700770077007701,5.46,-29.3,5.8,False
3.09,-9.6,5.3,0.6,0.32,0.32,-0.07,-0.02,-0.1,LMT@wvwap#sd,1,3044,0.9995599559955995,7.33,-22.7,2.5,False
2.41,-10.6,4.5,0.56,0.23,0.25,-0.09,-0.03,-0.13,C<prev_mvwap,1,892,0.9955995599559956,6.67,-30.4,2.9,False
-1.47,-24.0,3.0,-0.48,-0.06,-0.13,-0.08,-0.03,-0.14,WR#<#,-1,965,0.9685368536853686,-6.95,-73.5,4.4,False
1.61,-8.7,3.8,0.44,0.19,0.18,-0.1,-0.03,-0.15,LowSweep_prev_wvwap,1,1013,0.968976897689769,5.04,-27.9,3.5,False
-1.88,-36.9,3.6,-0.51,-0.05,-0.17,-0.11,-0.04,-0.16,LowSweep_prev_wvwap,-1,484,0.9067106710671067,-7.34,-83.4,3.7,False
-3.48,-50.0,5.4,-0.63,-0.07,-0.32,-0.13,-0.04,-0.17,Reclaim_wvwap,-1,504,0.9997799779977998,-8.74,-83.1,2.4,False
-0.96,-17.7,2.7,-0.34,-0.05,-0.08,-0.12,-0.05,-0.2,LowSweep_prev_qvwap,-1,242,0.35445544554455444,-5.2,-65.2,4.8,False
0.88,-9.8,3.0,0.31,0.09,0.1,-0.12,-0.05,-0.2,LowSweep_prev_mvwap,1,1007,0.8253025302530254,3.28,-37.8,4.4,False
1.02,-8.0,2.4,0.44,0.13,0.11,-0.1,-0.05,-0.23,F06,1,2001,0.8292629262926292,5.01,-38.2,5.5,False
-1.49,-27.9,3.5,-0.41,-0.05,-0.12,-0.19,-0.06,-0.26,NR#_BuyStop,-1,330,0.3876787678767877,-6.04,-73.6,3.7,False
-0.01,-1.9,0.7,-0.01,-0.0,0.0,-0.04,-0.06,-0.27,C03,1,15,0.010561056105610561,-0.97,-37.2,19.8,False
-2.12,-35.2,3.8,-0.55,-0.06,-0.19,-0.19,-0.07,-0.28,Reclaim_mvwap,-1,490,0.9493949394939494,-7.76,-80.2,3.5,False
0.75,-7.8,2.7,0.29,0.1,0.09,-0.16,-0.07,-0.28,P_LMT@prevMonthVAL,1,1000,0.6961496149614962,3.02,-34.2,4.9,False
1.98,-8.2,4.0,0.52,0.24,0.22,-0.19,-0.07,-0.29,D04,1,2024,0.9975797579757976,6.1,-25.3,3.3,False
0.48,-8.9,2.1,0.24,0.05,0.06,-0.15,-0.08,-0.34,EMA#>#cross,1,1001,0.8563256325632563,2.36,-47.1,6.4,False
2.44,-8.4,4.8,0.53,0.29,0.28,-0.27,-0.09,-0.37,Reclaim_wvwap,1,1013,0.9964796479647965,6.28,-22.0,2.8,False
-2.05,-33.9,3.5,-0.57,-0.06,-0.18,-0.24,-0.09,-0.38,DeltaZ<#,-1,921,0.8662266226622662,-8.06,-81.1,3.7,False
2.56,-9.4,5.0,0.53,0.27,0.29,-0.3,-0.09,-0.39,E02,1,1016,0.9988998899889989,6.31,-23.3,2.6,False
0.62,-5.5,2.2,0.29,0.11,0.08,-0.18,-0.09,-0.4,F03,1,4848,0.7584158415841584,3.02,-29.8,6.0,False
0.51,-9.4,2.1,0.26,0.05,0.07,-0.17,-0.09,-0.4,E03,1,1007,0.7452145214521452,2.53,-47.8,6.4,False
0.23,-8.3,2.0,0.13,0.03,0.04,-0.18,-0.1,-0.41,BigDown&DeltaPos,1,43,0.10077007700770077,0.79,-45.6,6.6,False
1.67,-9.8,3.4,0.5,0.17,0.19,-0.23,-0.1,-0.42,C<qvwap#sd,1,3675,0.9900990099009901,5.85,-34.8,3.8,False
0.54,-3.8,1.7,0.32,0.14,0.07,-0.15,-0.11,-0.45,F01,1,3331,0.7722772277227723,3.38,-27.7,7.6,False
-1.6,-25.7,2.7,-0.58,-0.06,-0.13,-0.22,-0.11,-0.46,LMT_RSI#<#_#ATR,-1,2017,0.97997799779978,-8.21,-79.3,4.9,False
-0.43,-11.8,1.8,-0.23,-0.04,-0.02,-0.2,-0.11,-0.46,HolyGrail,-1,19,0.02288228822882288,-3.78,-62.1,7.2,False
-1.69,-29.7,3.6,-0.45,-0.06,-0.13,-0.36,-0.11,-0.47,S_FailedRallyMVWAP_bear,-1,446,0.2382838283828383,-6.63,-75.2,3.6,False
-1.88,-32.4,3.4,-0.54,-0.06,-0.15,-0.34,-0.12,-0.52,SweepPrevWeekVAL,-1,448,0.9183718371837184,-7.73,-80.7,3.9,False
1.67,-8.8,4.6,0.38,0.19,0.22,-0.44,-0.12,-0.52,P_LMT@RisingWVWAP,1,1010,0.9766776677667767,4.26,-23.6,2.9,False
1.37,-7.0,3.6,0.4,0.2,0.17,-0.34,-0.12,-0.52,DownDay&DeltaPos,1,1013,0.8523652365236524,4.44,-23.5,3.7,False
0.43,-6.3,2.2,0.2,0.07,0.07,-0.26,-0.13,-0.55,A06,1,1979,0.5458745874587458,1.82,-34.5,5.9,False
0.51,-7.8,2.6,0.21,0.07,0.08,-0.31,-0.13,-0.57,Inside_BuyStop,1,1008,0.7546754675467546,1.88,-34.9,5.1,False
-1.69,-28.9,3.0,-0.55,-0.06,-0.13,-0.35,-0.14,-0.59,%b<#,-1,639,0.9434543454345434,-7.77,-79.8,4.4,False
-1.14,-20.9,2.7,-0.41,-0.05,-0.08,-0.34,-0.14,-0.59,#Down&CD#pos,-1,127,0.447964796479648,-6.11,-71.9,4.9,False
-3.35,-49.1,5.1,-0.64,-0.07,-0.27,-0.53,-0.14,-0.61,Breakout#dHigh,-1,1330,0.7361936193619362,-8.86,-83.9,2.6,False
1.58,-9.4,4.7,0.36,0.17,0.22,-0.55,-0.15,-0.63,P_PullbackRisingWVWAP,1,1008,0.9782178217821782,3.89,-24.7,2.8,False
-2.12,-33.6,3.2,-0.64,-0.06,-0.17,-0.35,-0.15,-0.64,DownDays>=#,-1,1215,0.9872387238723872,-8.93,-83.1,4.1,False
0.31,-7.5,2.2,0.15,0.04,0.06,-0.31,-0.15,-0.66,P_STOP@#dHigh&Compress<#,1,4019,0.7034103410341034,1.14,-40.9,6.0,False
1.19,-10.4,3.5,0.35,0.11,0.17,-0.43,-0.16,-0.67,Reclaim_mvwap,1,1011,0.9735973597359736,3.86,-34.9,3.8,False
-2.94,-42.4,4.6,-0.62,-0.07,-0.23,-0.59,-0.17,-0.71,C<prevWeekVAL,-1,493,0.981958195819582,-8.7,-81.4,2.9,False
-2.04,-31.7,3.1,-0.66,-0.06,-0.16,-0.4,-0.18,-0.76,RSI#<#,-1,6296,0.9905390539053905,-9.09,-82.7,4.3,False
-1.73,-30.0,2.9,-0.58,-0.06,-0.12,-0.46,-0.19,-0.8,Low#&CDpos,-1,380,0.8268426842684269,-8.11,-81.8,4.5,False
-1.66,-26.4,2.8,-0.58,-0.06,-0.12,-0.47,-0.2,-0.83,#DownIntoFri,-1,334,0.9199119911991199,-8.13,-78.5,4.7,False
-4.03,-55.3,5.3,-0.75,-0.07,-0.33,-0.61,-0.2,-0.86,LMT@wvwap#sd,-1,1518,0.9993399339933994,-10.15,-87.6,2.5,False
-2.12,-32.8,3.2,-0.66,-0.06,-0.16,-0.5,-0.21,-0.88,CumRSI#x#<#,-1,2565,0.9911991199119912,-9.08,-82.8,4.1,False
-3.87,-53.2,5.4,-0.7,-0.07,-0.29,-0.84,-0.22,-0.94,C<prevWeekPOC,-1,505,0.9962596259625962,-9.61,-85.6,2.4,False
-1.91,-31.8,3.4,-0.55,-0.06,-0.12,-0.69,-0.23,-0.97,Inside_BuyStop,-1,254,0.29658965896589656,-7.8,-79.6,3.9,False
-2.61,-38.5,3.7,-0.71,-0.07,-0.19,-0.62,-0.24,-1.01,LowerLows>=#,-1,1350,0.9845984598459846,-9.69,-84.6,3.6,False
-2.62,-38.4,3.6,-0.71,-0.07,-0.19,-0.63,-0.24,-1.04,CloseAt#dLow,-1,1689,0.9911991199119912,-9.75,-84.6,3.6,False
0.46,-5.3,2.4,0.2,0.09,0.1,-0.52,-0.25,-1.06,A11,1,2248,0.8675467546754676,1.78,-28.4,5.4,False
0.82,-7.4,2.7,0.31,0.11,0.14,-0.53,-0.26,-1.09,P_PriceDown#d&CDup,1,3031,0.8092409240924092,3.31,-31.6,4.8,False
0.37,-6.6,3.2,0.13,0.06,0.12,-0.79,-0.29,-1.21,NR#_BuyStop,1,1008,0.8558855885588559,0.86,-26.6,4.1,False
0.11,-7.2,1.8,0.07,0.02,0.06,-0.47,-0.29,-1.23,G02,1,487,0.31045104510451044,0.06,-47.3,7.3,False
0.68,-5.8,2.3,0.31,0.12,0.12,-0.5,-0.31,-1.3,F02,1,6021,0.7878987898789879,3.26,-30.0,5.8,False
-2.95,-42.7,4.0,-0.73,-0.07,-0.19,-1.02,-0.32,-1.37,LMT@prevWeekVAL,-1,484,0.9518151815181518,-9.92,-85.6,3.3,False
-3.19,-45.4,4.1,-0.77,-0.07,-0.22,-0.96,-0.33,-1.38,C<mvwap#sd,-1,2047,0.9914191419141914,-10.41,-87.1,3.2,False
-3.14,-43.8,4.0,-0.77,-0.07,-0.21,-0.96,-0.33,-1.4,C<prev_qvwap,-1,448,0.9273927392739274,-10.43,-86.3,3.3,False
-3.28,-46.6,4.4,-0.74,-0.07,-0.21,-1.13,-0.33,-1.4,C<prev_mvwap,-1,483,0.9634763476347635,-10.04,-86.3,3.0,False
-3.19,-44.4,4.7,-0.67,-0.07,-0.18,-1.35,-0.33,-1.41,G08,-1,422,0.16985698569856986,-9.24,-82.7,2.8,False
-4.39,-55.9,5.5,-0.78,-0.08,-0.3,-1.34,-0.34,-1.45,C<prev_wvwap,-1,503,0.994059405940594,-10.58,-86.9,2.4,False
0.31,-7.8,2.4,0.14,0.04,0.1,-0.68,-0.35,-1.47,Low#&CDpos,1,1393,0.6906490649064907,1.04,-39.3,5.6,False
1.13,-10.1,3.7,0.32,0.11,0.21,-0.94,-0.38,-1.62,LMT@mvwap#sd,1,3053,0.9997799779977998,3.39,-32.0,3.5,False
0.07,-9.1,2.1,0.05,0.01,0.09,-0.81,-0.47,-2.0,#DownIntoFri,1,1381,0.88998899889989,-0.27,-50.3,6.3,False
-3.18,-46.0,3.5,-0.89,-0.07,-0.2,-1.14,-0.48,-2.05,LMT@mvwap#sd,-1,1457,0.998019801980198,-11.9,-91.0,3.7,False
-2.56,-38.9,3.1,-0.83,-0.07,-0.12,-1.37,-0.52,-2.19,TurtleSoup#,-1,206,0.8796479647964797,-11.14,-89.2,4.3,False
-3.71,-50.4,4.0,-0.92,-0.07,-0.2,-1.71,-0.56,-2.38,C<qvwap#sd,-1,1690,0.952035203520352,-12.24,-91.1,3.3,False
