,cagr,maxdd,vol,sharpe,mar,beta,alpha_ann,alpha_ir,alpha_t,vm_cagr,vm_maxdd,vm_sharpe,vm_mult
Buy & Hold,9.66,-27.6,13.2,0.77,0.35,1.0,-0.0,-0.77,-3.25,9.66,-27.6,0.77,1.0
Blueprint roles (no selection),1.32,-3.9,1.7,0.76,0.34,0.11,0.23,0.23,0.97,9.59,-26.6,0.76,7.6
"Winners group (12 families, selected)",2.85,-4.7,2.9,0.99,0.61,0.18,0.98,0.64,2.73,12.95,-20.3,0.99,4.6
R1 shallow pullback,1.7,-4.7,2.2,0.77,0.36,0.12,0.53,0.33,1.4,9.73,-26.3,0.77,5.9
R2 deep correction,1.56,-4.6,1.8,0.89,0.34,0.11,0.49,0.46,1.94,11.4,-30.4,0.89,7.5
R3 auction rejection,1.97,-6.1,3.1,0.65,0.32,0.18,0.2,0.1,0.43,7.97,-24.5,0.65,4.3
R4 delta exhaustion,0.65,-3.8,1.5,0.43,0.17,0.08,-0.19,-0.18,-0.79,4.96,-30.0,0.43,8.6
R5 deceleration/failure,0.77,-2.6,1.2,0.66,0.3,0.06,0.19,0.21,0.9,8.13,-26.8,0.66,11.2
R6 confluence,1.25,-5.1,1.9,0.65,0.25,0.11,0.15,0.11,0.49,8.02,-30.9,0.65,6.8
Core + 1x blueprint overlay,10.9,-30.2,14.7,0.78,0.36,1.11,0.23,0.23,0.97,9.86,-27.5,0.78,
Core + 2x blueprint overlay,12.12,-32.7,16.2,0.79,0.37,1.22,0.45,0.23,0.97,9.99,-27.3,0.79,
Core + 3x blueprint overlay,13.32,-35.1,17.7,0.79,0.38,1.33,0.68,0.23,0.97,10.06,-27.0,0.79,
