id,exit,py,cpp,only_cpp,only_py,py_pnl,cpp_pnl,diff
LMT_RSIx<x_xAT_1,x:RSI2>70+SL3.0ATR+T10,44,44,0,0,1287,1330,0
LMT_RSIx<x_xAT_2,x:Time1,194,194,0,0,1260,2128,0
LMT_RSIx<x_xAT_3,x:RSI2>90,51,51,0,0,2621,2908,0
LMT_RSIx<x_xAT_4,x:Trail1.0ATR_act1.0R_T20,121,115,3,9,1471,879,12
C<dvwapxsd_1,x:SL1.5ATR_RRR2.0,203,203,0,0,3069,2753,0
C<dvwapxsd_2,x:FirstUpClose,44,44,0,0,506,506,0
C<dvwapxsd_3,x:SL3.0ATR_RRR2.0,86,85,0,1,2484,2365,1
C<dvwapxsd_4,x:SL0.5ATR_RRR1.0,58,58,0,0,446,127,0
C<wvwapxsd_1,x:IBS>0.8,320,320,0,0,2311,2311,0
C<wvwapxsd_2,x:SL3.0ATR_RRR4.0,118,117,0,1,2899,2471,1
C<wvwapxsd_3,x:SL0.5ATR_RRR3.0,103,103,0,0,1215,778,0
C<wvwapxsd_4,x:C>PrevHigh,384,384,0,0,3221,3221,0
C06_1,x:C>SMA5@open,55,66,11,0,740,722,11
C06_2,x:SL1.0ATR_RRR1.0,44,44,0,0,705,818,0
C06_3,x:SL1.0ATR_RRR3.0_BE0.5R,105,104,0,1,817,794,1
C06_4,x:SL0.75ATR_RRR0.5,70,70,0,0,474,635,0
P_HixDD>x&RSIx_1,x:C>SMA5+SL2.0ATR+T10,199,207,8,0,1965,1935,8
P_HixDD>x&RSIx_2,x:IBS>0.8+T10,136,136,0,0,1545,1545,0
P_HixDD>x&RSIx_3,x:IBS>0.8+SL2.0ATR+T10,209,209,0,0,2410,2278,0
P_HixDD>x&RSIx_4,x:SL1.0ATR_RRR2.0_BE1.0R,47,47,0,0,863,650,0
IBS<x_1,x:SL1.0ATR_RRR2.0_BE1.5R,296,292,0,4,2702,1848,4
IBS<x_2,x:C>PrevHigh,215,215,0,0,2051,2051,0
IBS<x_3,x:C>SMA5+T10,291,291,0,0,2328,2328,0
IBS<x_4,x:SL1.0ATR_RRR3.0_BE1.0R,118,117,0,1,1966,1657,1
WRx<x_1,x:SL1.0ATR_RRR2.0_BE1.5R,104,103,0,1,1776,1320,1
WRx<x_2,x:Trail1.0ATR_act0.0R,72,67,0,5,769,1024,5
WRx<x_3,x:C>wvwap+SL2.0ATR+T10,127,127,0,0,1724,1648,0
WRx<x_4,x:C>SMA3+SL3.0ATR,52,52,0,0,870,850,0
D01_1,x:C>SMA5+SL3.0ATR,43,43,0,0,710,710,0
D01_2,x:C>SMA10,210,217,7,0,2070,1900,7
D01_3,x:SL1.5ATR_RRR2.0_BE1.0R,104,104,0,0,1745,1615,0
D01_4,x:RSI2>70+SL3.0ATR,41,47,6,0,777,1044,6
CloseAtxdLow_1,x:C>SMA3+SL2.0ATR+T10,65,67,2,0,1073,1050,2
CloseAtxdLow_2,x:SL2.0ATR_RRR1.0,122,122,0,0,1997,2068,0
CloseAtxdLow_3,x:RSI2>70+T10,95,95,0,0,1527,1527,0
CloseAtxdLow_4,x:C>SMA5+SL3.0ATR+T10,51,51,0,0,1062,1062,0
RSIx<x_1,x:C>SMA10+SL2.0ATR,238,238,0,0,1803,1707,0
RSIx<x_2,x:C>SMA5@open,44,44,0,0,1575,1575,0
RSIx<x_3,x:SL1.5ATR_RRR0.5,163,163,0,0,1416,995,0
RSIx<x_4,x:SL0.5ATR_RRR3.0,92,97,5,0,1102,787,5
P_HixDD>x&IBS<_1,x:IBS>0.8+SL3.0ATR+T10,197,197,0,0,1956,1687,0
P_HixDD>x&IBS<_2,x:IBS>0.8,55,55,0,0,1154,1154,0
P_HixDD>x&IBS<_3,x:RSI2>70+SL2.0ATR,201,210,9,0,1744,1631,9
P_HixDD>x&IBS<_4,x:C>wvwap+SL2.0ATR,240,240,0,0,1330,1142,0
ConnorsRSI<x_1,x:SL3.0ATR_RRR2.0,76,76,0,0,2382,2316,0
ConnorsRSI<x_2,x:SL1.5ATR_RRR1.5,66,66,0,0,1755,1677,0
ConnorsRSI<x_3,x:SL1.0ATR_RRR3.0,44,44,0,0,1321,1110,0
ConnorsRSI<x_4,x:SL1.5ATR_RRR1.5,172,181,9,0,2335,2229,9
