cagr,maxdd,vol,sharpe,mar,beta,alpha_ann,alpha_ir,alpha_t,family,side,setup,regime,exit,trades,win,beats_sharpe
5.56,-7.6,4.9,1.12,0.74,0.14,4.12,0.9,3.82,IBS<#,1,IBS<0.1,c>sma200,x:SL1.0ATR_RRR2.0,237,0.485,True
6.49,-10.3,5.7,1.14,0.63,0.19,4.57,0.89,3.79,C<dvwap#sd,1,C<dvwap-1.0sd,c>qvwap,x:C>SMA10,394,0.701,True
3.63,-6.5,3.5,1.05,0.56,0.07,2.93,0.88,3.74,WR#<#,1,WR10<-90,c>sma200,x:C>wvwap,128,0.797,True
5.13,-6.7,4.7,1.09,0.77,0.13,3.82,0.87,3.69,P_Hi#DD>#&RSI#<#,1,P_Hi50DD>1.0&RSI2<25,c>qvwap,x:C>SMA10+SL3.0ATR,209,0.842,True
6.86,-7.1,6.1,1.11,0.97,0.21,4.66,0.85,3.63,D01,1,D01_wvwap-1.5sd,any,x:SL1.0ATR_RRR4.0,212,0.377,True
6.86,-7.1,6.1,1.11,0.97,0.21,4.66,0.85,3.63,C<wvwap#sd,1,C<wvwap-1.5sd,c>sma200,x:SL1.0ATR_RRR4.0,212,0.377,True
4.08,-8.2,3.9,1.04,0.5,0.09,3.21,0.86,3.63,LMT_RSI#<#_#ATR,1,LMT_RSI2<10_-0.5ATR,c>qvwap,x:RSI2>90,41,0.951,True
2.63,-2.8,2.7,0.99,0.95,0.04,2.22,0.85,3.62,D05,1,D05_AVWAPshock_reclaim,c>sma100,x:C>SMA10+SL2.0ATR,86,0.849,True
4.88,-12.3,4.6,1.05,0.4,0.12,3.63,0.84,3.56,C06,1,C06_Reclaim10_afterDD,c>qvwap,x:Time10,48,0.812,True
3.25,-5.8,3.3,0.99,0.56,0.06,2.63,0.83,3.52,C01,1,C01_RSI2<15_bullMA,c>qvwap,x:C>SMA10+SL3.0ATR,115,0.904,True
5.43,-7.8,5.1,1.05,0.7,0.15,3.9,0.82,3.49,E05,1,E05_ValueOverlap_reject,c>qvwap,x:C>SMA5@open,493,0.657,True
1.68,-3.9,1.8,0.92,0.43,0.02,1.49,0.82,3.47,RSI#<#,1,RSI4<20,c>sma100,x:SL1.5ATR_RRR0.5,84,0.857,True
3.28,-3.9,3.4,0.98,0.83,0.07,2.62,0.81,3.44,CumRSI#x#<#,1,CumRSI2x3<90,c>sma50,x:C>SMA5+SL3.0ATR,150,0.78,True
4.2,-6.2,4.2,1.01,0.68,0.1,3.19,0.81,3.42,CloseAt#dLow,1,CloseAt5dLow,c>sma50,x:C>wvwap+SL3.0ATR,300,0.723,True
5.32,-7.6,5.2,1.03,0.7,0.14,3.85,0.8,3.41,LMT_Down#_#ATR,1,LMT_Down3_-0.25ATR,any,x:C>wvwap+SL3.0ATR,178,0.77,True
4.79,-6.7,4.7,1.02,0.72,0.13,3.5,0.8,3.39,ConnorsRSI<#,1,ConnorsRSI<25,c>qvwap,x:C>SMA10+SL3.0ATR,213,0.836,True
4.75,-10.6,4.7,1.01,0.45,0.13,3.48,0.79,3.38,B03,1,B03_TUW0.6,c>sma100,x:SL1.0ATR_RRR3.0_BE0.5R,178,0.225,True
0.66,-3.5,0.9,0.72,0.19,-0.01,0.73,0.79,3.35,RSI#<#,-1,RSI5<20,sma50<sma200,x:SL0.75ATR_RRR0.5,43,0.86,False
3.59,-6.8,3.8,0.96,0.53,0.08,2.82,0.78,3.31,A03,1,A03_CumRet3p10,sma50>sma200,x:SL2.0ATR_RRR0.5,143,0.818,True
1.35,-2.1,1.6,0.87,0.63,0.02,1.2,0.78,3.29,C<mvwap#sd,1,C<mvwap-2.0sd,sma50>sma200,x:SL0.75ATR_RRR0.5,144,0.799,True
3.3,-7.6,3.5,0.95,0.44,0.07,2.59,0.77,3.27,A02,1,A02_WStreak5<-2.0,c>sma100,x:C>SMA5@open,82,0.817,True
1.95,-11.9,4.4,0.46,0.16,-0.11,3.15,0.76,3.25,C<dvwap#sd,-1,C<dvwap-2.0sd,any,x:C>SMA5+T10,137,0.62,False
2.54,-5.4,2.8,0.91,0.47,0.05,2.09,0.77,3.25,LowerLows>=#,1,LowerLows>=3,c>sma50,x:C>wvwap+SL3.0ATR,143,0.727,True
2.6,-5.7,2.9,0.91,0.46,0.05,2.14,0.77,3.25,TOM_d#,1,TOM_d-1,c>sma100,x:C>SMA10+SL3.0ATR,163,0.748,True
5.77,-9.7,5.7,1.01,0.6,0.18,3.93,0.76,3.23,G03,1,G03_TwoStage_delta,c>sma200&dd<10,x:SL2.0ATR_RRR3.0,78,0.679,True
3.17,-6.0,3.4,0.93,0.53,0.07,2.5,0.76,3.21,B01,1,B01_DD20_stab,c>qvwap,x:Time10,55,0.836,True
-0.11,-28.4,8.9,0.03,-0.0,-0.46,4.94,0.75,3.19,C<SMA##ATR,-1,C<SMA5-1.0ATR,any,x:Time15,142,0.408,False
4.12,-9.0,4.3,0.96,0.46,0.11,3.05,0.75,3.17,C04,1,C04_Dist10<-1.0ATR,c>sma100,x:C>SMA5@open,121,0.793,True
3.13,-9.1,3.4,0.91,0.34,0.07,2.45,0.74,3.13,P_Down#&BelowW#ATR,1,P_Down2&BelowW0.5ATR,c>qvwap,x:C>SMA10+SL3.0ATR,101,0.812,True
11.96,-18.5,12.0,1.0,0.65,0.83,3.63,0.74,3.13,TurnaroundMon,1,TurnaroundMon,any,x:Trail4.0ATR_act0.0R,41,0.585,True
4.78,-8.6,5.0,0.96,0.55,0.14,3.35,0.72,3.06,P_Hi#DD>#&IBS<#,1,P_Hi50DD>2.0&IBS<0.25,c>qvwap,x:SL3.0ATR_RRR0.5,81,0.827,True
1.65,-6.5,3.5,0.49,0.25,-0.07,2.42,0.72,3.05,BigDown>#ATR,-1,BigDown>1.5ATR,any,x:IBS>0.8+SL3.0ATR+T10,41,0.61,False
3.72,-10.1,4.1,0.92,0.37,0.09,2.78,0.72,3.04,A01,1,A01_Down3_any,c>sma100,x:C>SMA5@open,146,0.767,True
3.72,-10.1,4.1,0.92,0.37,0.09,2.78,0.72,3.04,DownDays>=#,1,DownDays>=3,c>sma100,x:C>SMA5@open,146,0.767,True
2.91,-4.7,3.3,0.88,0.62,0.06,2.28,0.71,3.03,%b<#,1,%b<0.2,c>sma100,x:SL1.0ATR_RRR2.0_BE0.5R,205,0.249,True
1.97,-4.3,2.4,0.84,0.46,0.03,1.66,0.71,3.03,C05,1,C05_StackPull50,any,x:RSI2>70,58,0.914,True
1.52,-17.8,6.0,0.28,0.09,-0.21,3.78,0.71,3.01,IBS<#,-1,IBS<0.1,c<sma200,x:IBS>0.8+T10,96,0.562,False
0.96,-2.9,1.3,0.76,0.33,0.01,0.88,0.7,2.98,C<SMA##ATR,1,C<SMA5-1.5ATR,c>sma100,x:SL1.5ATR_RRR0.5,50,0.86,False
0.55,-1.5,0.8,0.73,0.36,0.0,0.53,0.7,2.97,F02,1,F02_PriceDeltaDiv5_trig,c>prev_mvwap,x:SL0.5ATR_RRR0.5,82,0.793,False
2.84,-9.1,3.3,0.86,0.31,0.06,2.25,0.7,2.97,P_Hi#DD>#&%b<#,1,P_Hi50DD>3.0&%b<0.2,c>sma200&dd<10,x:SL1.0ATR_RRR1.5,138,0.558,True
9.33,-13.6,9.0,1.03,0.68,0.47,4.61,0.7,2.96,LMT@wvwap#sd,1,LMT@wvwap-2.0sd,c>qvwap,x:Trail4.0ATR_act1.0R_T20,181,0.696,True
3.16,-8.0,3.6,0.88,0.39,0.07,2.42,0.7,2.96,C07,1,C07_Double7_bull,c>qvwap,x:C>SMA10+SL3.0ATR,129,0.845,True
1.74,-3.1,2.2,0.81,0.56,0.03,1.48,0.69,2.94,D03,1,D03_MultiAnchor_up,c>qvwap,x:C>SMA5@open,53,0.849,True
4.08,-9.0,4.5,0.91,0.45,0.12,2.93,0.69,2.94,F01,1,F01_DeltaZ-1.5_flip,c>sma200&dd<10,x:Time15,68,0.721,True
3.76,-8.5,4.2,0.9,0.44,0.1,2.76,0.69,2.94,DeltaZ<#,1,DeltaZ<-2.0,c>sma100,x:SL3.0ATR_RRR1.0,61,0.721,True
1.59,-8.5,3.7,0.44,0.19,-0.08,2.46,0.69,2.92,GapDownWeak>#ATR,-1,GapDownWeak>0.3ATR,c<sma200,x:Time1,108,0.454,False
3.54,-8.1,4.0,0.88,0.43,0.09,2.62,0.68,2.89,A10,1,A10_HigherLow,sma50>sma200,x:SL1.5ATR_RRR3.0,50,0.58,True
1.6,-9.9,4.3,0.39,0.16,-0.11,2.78,0.68,2.89,DownDay&DeltaPos,-1,DownDay&DeltaPos,c<sma200,x:C>SMA5+SL3.0ATR,73,0.658,False
5.45,-10.3,5.8,0.95,0.53,0.19,3.54,0.68,2.89,C<prev_wvwap,1,C<prev_wvwap,c>qvwap,x:C>SMA5@open,294,0.707,True
8.61,-14.3,8.5,1.01,0.6,0.42,4.39,0.68,2.88,C<prevWeekPOC,1,C<prevWeekPOC,c>qvwap,x:Trail4.0ATR_act1.0R_T20,147,0.694,True
7.8,-11.9,7.8,1.0,0.66,0.35,4.27,0.68,2.88,OpexWeekMon,1,OpexWeekMon,c>qvwap,x:Trail4.0ATR_act1.0R_T20,147,0.707,True
1.21,-3.6,1.6,0.76,0.33,0.01,1.07,0.68,2.87,ATH_DD##&Down,1,ATH_DD6-10&Down,c>sma50,x:SL1.0ATR_RRR0.5,67,0.821,False
2.97,-8.2,3.5,0.85,0.36,0.07,2.28,0.67,2.87,A07,1,A07_FailedBreak20_bull,c>sma100,x:SL1.5ATR_RRR3.0,53,0.509,True
0.92,-2.5,1.6,0.57,0.37,-0.01,1.07,0.66,2.82,LMT_Down#_#ATR,-1,LMT_Down3_-0.25ATR,sma50<sma200,x:FirstUpClose,46,0.696,False
2.79,-6.5,3.4,0.84,0.43,0.07,2.15,0.66,2.81,G01,1,G01_Weak_Loc_open,c>sma100,x:C>PrevHigh+SL2.0ATR,151,0.762,True
8.87,-18.0,8.9,1.0,0.49,0.45,4.34,0.66,2.81,E02,1,E02_BelowVAL_return,c>qvwap,x:Time15,206,0.684,True
7.73,-16.8,7.9,0.99,0.46,0.36,4.16,0.66,2.8,SweepPrevWeekVAL,1,SweepPrevWeekVAL,c>qvwap,x:Time15,146,0.712,True
7.73,-16.8,7.9,0.99,0.46,0.36,4.16,0.66,2.8,E01,1,E01_WeekVALsweep,c>qvwap,x:Time15,146,0.712,True
4.8,-7.8,5.3,0.91,0.61,0.16,3.2,0.66,2.79,A08,1,A08_OutsideRev,any,x:Time20,43,0.767,True
1.23,-3.2,2.6,0.48,0.39,-0.04,1.66,0.65,2.76,CumRSI#x#<#,-1,CumRSI2x2<20,sma50<sma200,x:C>SMA5+SL2.0ATR,47,0.702,False
2.7,-6.1,3.3,0.82,0.44,0.06,2.07,0.65,2.75,P_Down#&BelowM#ATR,1,P_Down2&BelowM1.5ATR,c>sma200&dd<10,x:SL1.5ATR_RRR2.0,53,0.528,True
2.44,-8.8,3.1,0.8,0.28,0.05,1.91,0.64,2.72,B04,1,B04_FirstPullbackAfterRecov,sma50>sma200,x:Trail1.5ATR_act0.0R,41,0.488,True
8.51,-12.3,8.7,0.98,0.69,0.43,4.17,0.63,2.7,C<prevDayVAL,1,C<prevDayVAL,c>qvwap,x:Trail4.0ATR_act1.0R_T20,167,0.713,True
2.16,-5.1,2.8,0.79,0.43,0.05,1.71,0.63,2.69,E04,1,E04_POCup_lowerLow,any,x:SL0.5ATR_RRR2.0,155,0.471,True
7.17,-11.1,7.6,0.96,0.65,0.33,3.93,0.63,2.68,LMT@prevWeekVAL,1,LMT@prevWeekVAL,c>qvwap,x:SL3.0ATR_RRR3.0,140,0.621,True
4.52,-9.2,5.2,0.88,0.49,0.15,3.02,0.63,2.68,A04,1,A04_Shock1.0ATR,any,x:SL1.0ATR_RRR3.0,185,0.373,True
2.89,-8.2,3.6,0.81,0.35,0.07,2.17,0.63,2.66,TurtleSoup#,1,TurtleSoup20,c>sma100,x:SL1.5ATR_RRR3.0,54,0.5,True
3.92,-9.1,4.7,0.85,0.43,0.12,2.73,0.62,2.64,BigDown>#ATR,1,BigDown>1.5ATR,c>sma200&dd<10,x:SL3.0ATR_RRR1.5,55,0.691,True
5.64,-9.5,6.3,0.91,0.59,0.23,3.41,0.62,2.62,STOP@#dHigh,1,STOP@10dHigh,c>prev_mvwap,x:SL1.5ATR_RRR2.0_BE1.0R,199,0.457,True
1.19,-7.5,2.8,0.44,0.16,-0.04,1.67,0.62,2.62,LMT_RSI#<#_#ATR,-1,LMT_RSI3<20_-0.25ATR,sma50<sma200,x:C>SMA5+T10,47,0.66,False
2.08,-5.7,2.8,0.76,0.36,0.04,1.65,0.61,2.6,E07,1,E07_NakedPOC_above,c>sma100,x:C>SMA5@open,137,0.686,False
6.69,-11.3,7.3,0.92,0.59,0.3,3.71,0.6,2.57,C<prevWeekVAL,1,C<prevWeekVAL,c>sma200&dd<10,x:SL3.0ATR_RRR2.0,145,0.628,True
5.9,-10.5,6.6,0.91,0.56,0.25,3.44,0.6,2.57,Reclaim_wvwap,1,Reclaim_wvwap,c>qvwap,x:IBS>0.8,502,0.673,True
5.9,-10.5,6.6,0.91,0.56,0.25,3.44,0.6,2.57,D04,1,D04_wvwap_undercut_reclaim,c>qvwap,x:IBS>0.8,502,0.673,True
1.27,-9.9,3.6,0.36,0.13,-0.08,2.11,0.6,2.55,LowerLows>=#,-1,LowerLows>=3,sma50<sma200,x:C>SMA5,73,0.575,False
0.02,-31.3,7.6,0.04,0.0,-0.33,3.67,0.59,2.51,S_VolExp_LostPrevWeekLow,-1,S_VolExp_LostPrevWeekLow,c<sma200,x:RSI2>90,53,0.698,False
0.85,-16.8,6.0,0.17,0.05,-0.21,3.14,0.59,2.5,STOP@#dHigh,-1,STOP@10dHigh,c<sma200,x:SL1.5ATR_RRR3.0_BE0.5R,59,0.153,False
2.95,-6.0,3.9,0.77,0.49,0.09,2.1,0.57,2.42,GapDownWeak>#ATR,1,GapDownWeak>0.3ATR,c>prev_mvwap,x:RSI2>70+SL3.0ATR,131,0.802,False
2.43,-6.1,3.3,0.73,0.4,0.06,1.8,0.56,2.37,A06,1,A06_Decel,c>sma100,x:C>SMA5@open,74,0.757,False
1.1,-8.1,3.5,0.33,0.14,-0.07,1.89,0.56,2.36,LowSweep_prev_mvwap,-1,LowSweep_prev_mvwap,any,x:C>SMA5+SL3.0ATR+T10,203,0.591,False
5.66,-8.2,6.6,0.86,0.69,0.25,3.18,0.55,2.35,Breakout#dHigh,1,Breakout20dHigh,c>sma50,x:Time10,233,0.725,True
0.94,-5.2,2.4,0.4,0.18,-0.03,1.32,0.55,2.34,#DownIntoFri,-1,2DownIntoFri,sma50<sma200,x:C>PrevHigh,45,0.689,False
4.11,-10.2,5.2,0.8,0.4,0.15,2.61,0.55,2.32,C<prev_qvwap,1,C<prev_qvwap,c>qvwap,x:Trail1.5ATR_act0.0R_T20,68,0.456,True
3.42,-7.5,4.5,0.77,0.46,0.12,2.3,0.54,2.31,P_NewLow#&NoCDLow,1,P_NewLow10&NoCDLow,c>sma200&dd<10,x:Trail2.0ATR_act0.0R_T20,102,0.51,False
3.42,-7.5,4.5,0.77,0.46,0.12,2.3,0.54,2.31,F06,1,F06_CVDhigherLow,c>sma200&dd<10,x:Trail2.0ATR_act0.0R_T20,102,0.51,False
0.89,-1.5,1.4,0.62,0.6,0.01,0.78,0.54,2.3,B02,1,B02_FastDD4,c>qvwap,x:SL0.75ATR_RRR0.5,53,0.83,False
1.39,-4.0,2.1,0.66,0.35,0.03,1.14,0.54,2.3,#DownIntoFri,1,3DownIntoFri,sma50>sma200,x:FirstUpClose,53,0.849,False
7.11,-18.1,8.1,0.89,0.39,0.37,3.46,0.54,2.29,C<prev_mvwap,1,C<prev_mvwap,c>qvwap,x:Trail2.0ATR_act1.0R,75,0.64,True
0.2,-17.7,6.8,0.06,0.01,-0.27,3.12,0.54,2.28,C<prevDayVAL,-1,C<prevDayVAL,c<sma200,x:IBS>0.8+SL3.0ATR,123,0.545,False
3.64,-6.4,4.8,0.77,0.57,0.13,2.38,0.53,2.27,P_DeltaClimax<#&CloseHigh,1,P_DeltaClimax<-1.0&CloseHigh,c>qvwap,x:Time20,41,0.707,False
0.77,-22.9,5.5,0.17,0.03,-0.18,2.69,0.54,2.27,Reclaim_mvwap,-1,Reclaim_mvwap,c<sma50,x:SL0.75ATR_RRR4.0,122,0.23,False
5.28,-11.1,6.4,0.83,0.48,0.23,2.99,0.53,2.26,P_Breakout#d&Compress<#,1,P_Breakout20d&Compress<0.85,c>qvwap,x:Trail4.0ATR_act1.0R_T20,111,0.712,True
0.99,-7.1,3.2,0.32,0.14,-0.06,1.65,0.53,2.24,C<wvwap#sd,-1,C<wvwap-2.0sd,sma50<sma200,x:C>SMA5,43,0.558,False
2.73,-7.4,3.8,0.72,0.37,0.08,1.92,0.53,2.24,F03,1,F03_EffortNoResult40_loc,c>qvwap,x:Time7,48,0.646,False
0.99,-4.5,3.2,0.32,0.22,-0.06,1.65,0.53,2.23,WR#<#,-1,WR10<-95,sma50<sma200,x:C>SMA5+T10,66,0.606,False
0.99,-5.9,3.3,0.31,0.17,-0.06,1.68,0.53,2.23,DownDays>=#,-1,DownDays>=3,c<sma200,x:C>PrevHigh+SL2.0ATR,45,0.644,False
5.61,-17.8,6.8,0.84,0.32,0.26,3.05,0.52,2.2,LMT@mvwap#sd,1,LMT@mvwap-2.0sd,c>sma200&dd<10,x:SL3.0ATR_RRR1.5,136,0.61,True
0.97,-13.6,3.9,0.27,0.07,-0.09,1.94,0.52,2.2,ConnorsRSI<#,-1,ConnorsRSI<20,sma50<sma200,x:C>SMA5+T10,68,0.588,False
0.79,-4.6,1.7,0.46,0.17,-0.01,0.89,0.52,2.2,Breakout#dHigh,-1,Breakout20dHigh,sma50<sma200,x:SL0.75ATR_RRR0.5,70,0.786,False
0.8,-4.5,2.1,0.38,0.18,-0.03,1.08,0.51,2.18,LowSweep_prev_wvwap,-1,LowSweep_prev_wvwap,c<sma50,x:SL0.5ATR_RRR1.0,153,0.575,False
4.87,-13.4,6.2,0.8,0.36,0.21,2.78,0.51,2.16,LowSweep_prev_wvwap,1,LowSweep_prev_wvwap,c>qvwap,x:SL1.5ATR_RRR3.0_BE0.5R,230,0.248,True
1.76,-6.9,2.7,0.65,0.25,0.04,1.35,0.51,2.15,LowSweep_prev_qvwap,1,LowSweep_prev_qvwap,c>sma100,x:Trail1.0ATR_act1.0R_T20,52,0.577,False
-1.29,-33.0,8.4,-0.11,-0.04,-0.41,3.17,0.49,2.1,LMT@mvwap#sd,-1,LMT@mvwap-0.0sd,c<sma200,x:Time15,45,0.4,False
0.74,-13.5,4.8,0.18,0.05,-0.13,2.21,0.49,2.09,DeltaZ<#,-1,DeltaZ<-1.5,c<sma50,x:IBS>0.8+T10,58,0.621,False
9.35,-18.8,10.5,0.9,0.5,0.63,3.1,0.49,2.07,P_LMT@RisingWVWAP,1,P_LMT@RisingWVWAP,any,x:Trail3.0ATR_act1.0R,47,0.702,True
0.19,-17.6,6.2,0.06,0.01,-0.22,2.62,0.48,2.04,Reclaim_wvwap,-1,Reclaim_wvwap,c<sma200,x:C>SMA5@open,115,0.539,False
3.06,-9.4,4.4,0.7,0.33,0.11,2.0,0.48,2.02,PreHoliday,1,PreHoliday,any,x:Trail1.5ATR_act0.0R,41,0.463,False
4.53,-11.8,6.0,0.76,0.38,0.21,2.51,0.47,1.98,C<qvwap#sd,1,C<qvwap-0.0sd,c>sma100,x:SL1.5ATR_RRR3.0,146,0.452,False
2.63,-7.2,4.0,0.67,0.37,0.09,1.76,0.46,1.96,C02,1,C02_CumRSIpct5,c>sma50,x:RSI2>90,42,0.81,False
0.75,-7.4,2.6,0.3,0.1,-0.04,1.16,0.46,1.96,%b<#,-1,%b<0.2,sma50<sma200,x:SL0.75ATR_RRR0.5,178,0.736,False
0.41,-2.4,0.8,0.49,0.17,0.0,0.38,0.46,1.95,G02,1,G02_DD_Delta,any,x:SL0.5ATR_RRR0.5,49,0.796,False
2.28,-10.1,3.6,0.65,0.23,0.07,1.56,0.45,1.93,P_NRWeek_BuyStop,1,P_NRWeek_BuyStop,any,x:SL1.5ATR_RRR2.0_BE1.5R,47,0.574,False
2.1,-5.9,3.5,0.62,0.35,0.06,1.51,0.45,1.91,A05,1,A05_AccelDown,c>sma200&dd<10,x:Trail3.0ATR_act0.0R_T20,42,0.571,False
8.73,-15.6,10.2,0.88,0.56,0.59,2.92,0.45,1.9,P_PullbackRisingWVWAP,1,P_PullbackRisingWVWAP,any,x:Trail3.0ATR_act0.0R,58,0.552,True
1.81,-2.8,3.0,0.61,0.65,0.05,1.31,0.45,1.89,#Down&CD#pos,1,3Down&CD3pos,any,x:C>wvwap+SL3.0ATR,45,0.778,False
3.44,-9.2,5.0,0.7,0.37,0.14,2.05,0.45,1.89,E03,1,E03_VALacceptFail,any,x:SL0.75ATR_RRR4.0,116,0.336,False
7.98,-18.9,9.5,0.86,0.42,0.51,2.95,0.45,1.89,Reclaim_mvwap,1,Reclaim_mvwap,c>qvwap,x:Trail3.0ATR_act1.0R,53,0.604,True
0.22,-2.3,0.5,0.47,0.1,0.0,0.21,0.44,1.87,Low#&CDpos,1,Low10&CDpos,c>sma100,x:SL0.5ATR_RRR0.5,44,0.795,False
4.7,-9.0,6.4,0.75,0.52,0.24,2.41,0.43,1.82,LowSweep_prev_mvwap,1,LowSweep_prev_mvwap,c>qvwap,x:Time20,76,0.75,False
1.55,-7.8,2.7,0.58,0.2,0.05,1.12,0.43,1.81,P_SweepPrevMonthVAL,1,P_SweepPrevMonthVAL,c>sma100,x:SL0.75ATR_RRR2.0,118,0.432,False
-2.57,-45.6,9.3,-0.23,-0.06,-0.49,2.8,0.42,1.8,LMT@wvwap#sd,-1,LMT@wvwap-1.0sd,c<sma200,x:Time15,62,0.355,False
-1.92,-39.2,8.6,-0.18,-0.05,-0.43,2.73,0.42,1.78,S_FailedRallyMVWAP_bear,-1,S_FailedRallyMVWAP_bear,any,x:Time15,45,0.378,False
4.11,-9.3,5.9,0.72,0.44,0.2,2.2,0.42,1.77,Inside_BuyStop,1,Inside_BuyStop,c>qvwap,x:RSI2>90,174,0.845,False
3.32,-12.2,5.1,0.67,0.27,0.15,1.91,0.41,1.73,P_LMT@prevMonthVAL,1,P_LMT@prevMonthVAL,c>qvwap,x:Trail3.0ATR_act1.0R_T20,56,0.643,False
0.51,-7.8,4.1,0.14,0.07,-0.1,1.59,0.41,1.73,CloseAt#dLow,-1,CloseAt7dLow,sma50<sma200,x:C>PrevHigh+T10,90,0.511,False
2.23,-7.3,3.8,0.6,0.3,0.08,1.45,0.4,1.71,P_PriceDown#d&CDup,1,P_PriceDown10d&CDup,c>sma100,x:Time5,85,0.694,False
0.52,-7.8,4.0,0.15,0.07,-0.09,1.53,0.4,1.71,TurnaroundMon,-1,TurnaroundMon,sma50<sma200,x:C>SMA5+SL3.0ATR,80,0.588,False
2.53,-10.7,4.2,0.62,0.24,0.1,1.56,0.39,1.67,EMA#>#cross,1,EMA8>21cross,c>qvwap,x:SL1.5ATR_RRR3.0_BE0.5R,89,0.337,False
0.2,-17.2,5.0,0.06,0.01,-0.15,1.79,0.39,1.64,LowSweep_prev_qvwap,-1,LowSweep_prev_qvwap,c<sma50,x:SL1.5ATR_RRR4.0,46,0.283,False
1.08,-7.8,2.2,0.51,0.14,0.03,0.82,0.39,1.64,F05,1,F05_ClimaxFlip_bull,c>sma100,x:SL1.5ATR_RRR3.0_BE0.5R,46,0.283,False
5.92,-12.1,7.9,0.76,0.49,0.35,2.49,0.39,1.64,DownDay&DeltaPos,1,DownDay&DeltaPos,c>qvwap,x:Trail3.0ATR_act0.0R,48,0.5,False
1.7,-7.1,3.2,0.54,0.24,0.06,1.14,0.37,1.56,A12,1,A12_LowRetest_delta,any,x:SL1.0ATR_RRR3.0_BE1.0R,41,0.341,False
0.46,-10.3,3.3,0.15,0.04,-0.06,1.15,0.36,1.53,C<mvwap#sd,-1,C<mvwap-1.5sd,sma50<sma200,x:C>PrevHigh+T10,69,0.58,False
5.62,-13.6,7.8,0.74,0.41,0.35,2.23,0.35,1.5,P_STOP@#dHigh&Compress<#,1,P_STOP@20dHigh&Compress<0.85,any,x:Trail3.0ATR_act0.0R,45,0.533,False
-0.56,-32.8,6.4,-0.06,-0.02,-0.23,1.99,0.35,1.5,SweepPrevWeekVAL,-1,SweepPrevWeekVAL,c<sma50,x:SL1.5ATR_RRR4.0,63,0.27,False
6.63,-20.1,8.8,0.77,0.33,0.44,2.32,0.35,1.5,NR#_BuyStop,1,NR7_BuyStop,c>qvwap,x:Trail3.0ATR_act1.0R,41,0.732,False
0.5,-8.5,2.3,0.23,0.06,-0.02,0.76,0.34,1.43,S_Breakdown#dLow_bear,-1,S_Breakdown20dLow_bear,any,x:SL0.75ATR_RRR0.5,88,0.75,False
0.09,-14.8,4.6,0.04,0.01,-0.12,1.44,0.33,1.42,C<prevWeekVAL,-1,C<prevWeekVAL,sma50<sma200,x:C>SMA5@open,98,0.469,False
0.36,-4.5,1.4,0.26,0.08,-0.01,0.48,0.33,1.41,#Down&CD#pos,-1,3Down&CD3pos,any,x:SL0.75ATR_RRR0.5,93,0.688,False
8.01,-14.9,10.4,0.8,0.54,0.62,2.03,0.31,1.34,A11,1,A11_GapDown0.5_recover,any,x:Trail3.0ATR_act1.0R,58,0.603,True
0.36,-10.1,3.3,0.12,0.04,-0.06,1.0,0.31,1.31,C<qvwap#sd,-1,C<qvwap-1.5sd,any,x:SL0.75ATR_RRR0.5,787,0.694,False
0.32,-6.1,2.4,0.15,0.05,-0.03,0.68,0.29,1.24,TurtleSoup#,-1,TurtleSoup20,sma50<sma200,x:C>wvwap+SL3.0ATR,55,0.655,False
0.14,-13.6,3.9,0.06,0.01,-0.09,1.09,0.29,1.24,Low#&CDpos,-1,Low5&CDpos,c<sma50,x:SL2.0ATR_RRR1.0,41,0.512,False
0.31,-9.6,2.4,0.14,0.03,-0.03,0.67,0.29,1.21,EMA#>#cross,-1,EMA8>21cross,c<sma50,x:Trail1.0ATR_act0.0R,75,0.36,False
0.13,-10.7,3.3,0.06,0.01,-0.06,0.82,0.26,1.09,C<prev_qvwap,-1,C<prev_qvwap,c<sma200,x:C>SMA5@open,61,0.492,False
-2.71,-40.0,8.3,-0.29,-0.07,-0.4,1.64,0.25,1.08,C<prev_wvwap,-1,C<prev_wvwap,c<sma50,x:Trail3.0ATR_act0.0R_T20,79,0.354,False
0.12,-9.8,3.3,0.05,0.01,-0.06,0.77,0.24,1.02,NR#_BuyStop,-1,NR7_BuyStop,c<sma200,x:C>SMA10+SL2.0ATR+T10,46,0.587,False
-2.33,-41.2,7.7,-0.27,-0.06,-0.34,1.36,0.22,0.93,C<prevWeekPOC,-1,C<prevWeekPOC,c<sma200,x:SL3.0ATR_RRR2.0,43,0.349,False
-0.78,-20.0,4.9,-0.14,-0.04,-0.14,0.73,0.16,0.69,C<prev_mvwap,-1,C<prev_mvwap,c<sma50,x:SL1.0ATR_RRR4.0,64,0.219,False
0.54,-9.5,2.0,0.27,0.06,0.02,0.31,0.15,0.65,BigDown&DeltaPos,1,BigDown&DeltaPos,any,x:SL1.0ATR_RRR2.0_BE0.5R,43,0.233,False
-0.08,-9.6,2.8,-0.01,-0.01,-0.04,0.41,0.15,0.64,G08,-1,G08_BearRally_VWAPfail,c<sma50,x:SL0.5ATR_RRR1.0,101,0.525,False
-0.24,-13.3,3.2,-0.06,-0.02,-0.06,0.41,0.13,0.56,Inside_BuyStop,-1,Inside_BuyStop,any,x:SL1.0ATR_RRR2.0_BE0.5R,66,0.182,False
-2.4,-43.1,7.1,-0.3,-0.06,-0.29,0.78,0.13,0.55,LMT@prevWeekVAL,-1,LMT@prevWeekVAL,c<sma50,x:Trail2.0ATR_act1.0R,72,0.444,False
0.03,-4.3,1.6,0.03,0.01,-0.02,0.2,0.13,0.53,HolyGrail,-1,HolyGrail,any,x:Time1,42,0.5,False
0.17,-2.1,1.1,0.16,0.08,0.01,0.11,0.1,0.41,C03,1,C03_RSIdiv,any,x:Time1,40,0.6,False
