X,kill,smer,SL,TPb,n,tp,sl,win,usd,ptt,t,dd,streak
10,No,long,2.0,3.0,1404,37.179,62.821,37.179,-45000.0,-0.641,-9.936,-45250.0,15
10,No,long,3.0,4.5,1404,40.741,59.259,40.741,-31200.0,-0.444,-4.517,-33175.0,15
10,No,long,5.0,7.5,1404,42.735,57.265,42.735,-11600.0,-0.165,-0.992,-19550.0,13
10,No,long,7.5,11.25,1401,43.255,56.745,43.255,7125.0,0.102,0.408,-16812.5,12
10,No,long,10.0,15.0,1390,44.82,55.18,44.82,48287.5,0.695,2.079,-21100.0,14
10,No,long,15.0,22.5,1345,43.792,56.208,43.792,62287.5,0.926,1.817,-19100.0,10
10,No,long,20.0,30.0,1276,42.476,57.524,42.476,47687.5,0.747,1.075,-35462.5,10
10,No,long,30.0,45.0,1058,41.399,58.601,41.399,28425.0,0.537,0.472,-53150.0,13
10,No,short,2.0,3.0,1396,36.103,63.897,36.103,-48500.0,-0.695,-10.807,-48375.0,15
10,No,short,3.0,4.5,1396,37.751,62.249,37.751,-46700.0,-0.669,-6.873,-47475.0,15
10,No,short,5.0,7.5,1396,38.252,61.748,38.252,-50150.0,-0.718,-4.417,-50300.0,15
10,No,short,7.5,11.25,1394,38.666,61.334,38.666,-52287.5,-0.75,-3.066,-54225.0,11
10,No,short,10.0,15.0,1386,38.456,61.544,38.456,-62612.5,-0.903,-2.76,-66137.5,10
10,No,short,15.0,22.5,1352,38.905,61.095,38.905,-60575.0,-0.896,-1.795,-86287.5,8
10,No,short,20.0,30.0,1265,39.289,60.711,39.289,-49600.0,-0.784,-1.128,-79600.0,10
10,No,short,30.0,45.0,1066,39.4,60.6,39.4,-48675.0,-0.913,-0.807,-81050.0,13
10,Yes,long,2.0,3.0,1404,36.966,62.821,36.966,-45437.5,-0.647,-10.051,-45387.5,15
10,Yes,long,3.0,4.5,1404,39.886,58.903,40.313,-32687.5,-0.466,-4.764,-33575.0,15
10,Yes,long,5.0,7.5,1404,40.242,55.342,42.593,-14762.5,-0.21,-1.301,-22275.0,13
10,Yes,long,7.5,11.25,1404,38.034,52.35,43.162,-2250.0,-0.032,-0.135,-17162.5,12
10,Yes,long,10.0,15.0,1404,35.684,48.789,44.872,23575.0,0.336,1.09,-20762.5,12
10,Yes,long,15.0,22.5,1404,27.707,42.735,46.652,35787.5,0.51,1.188,-22662.5,10
10,Yes,long,20.0,30.0,1404,20.655,37.037,47.721,22437.5,0.32,0.609,-27625.0,9
10,Yes,long,30.0,45.0,1404,9.9,27.564,49.288,-22887.5,-0.326,-0.498,-52387.5,13
10,Yes,short,2.0,3.0,1396,36.103,63.897,36.103,-48500.0,-0.695,-10.807,-48375.0,15
10,Yes,short,3.0,4.5,1396,37.751,62.178,37.822,-46487.5,-0.666,-6.842,-47262.5,15
10,Yes,short,5.0,7.5,1396,37.751,60.888,38.395,-49537.5,-0.71,-4.387,-49775.0,15
10,Yes,short,7.5,11.25,1396,37.607,58.739,39.04,-47175.0,-0.676,-2.801,-49325.0,11
10,Yes,short,10.0,15.0,1396,35.53,54.441,39.183,-47450.0,-0.68,-2.169,-52200.0,10
10,Yes,short,15.0,22.5,1396,31.16,45.845,40.974,-26212.5,-0.376,-0.846,-58075.0,9
10,Yes,short,20.0,30.0,1396,25.716,38.754,41.046,-33000.0,-0.473,-0.858,-61750.0,10
10,Yes,short,30.0,45.0,1396,16.834,24.928,43.696,21912.5,0.314,0.446,-33000.0,11
15,No,long,2.0,3.0,1075,40.0,60.0,40.0,-26875.0,-0.5,-6.69,-26875.0,16
15,No,long,3.0,4.5,1075,42.233,57.767,42.233,-17875.0,-0.333,-2.942,-18625.0,11
15,No,long,5.0,7.5,1075,44.093,55.907,44.093,625.0,0.012,0.061,-8975.0,12
15,No,long,7.5,11.25,1075,44.465,55.535,44.465,17850.0,0.332,1.158,-14837.5,16
15,No,long,10.0,15.0,1070,43.458,56.542,43.458,20287.5,0.379,0.99,-16112.5,10
15,No,long,15.0,22.5,1065,43.944,56.056,43.944,53437.5,1.004,1.749,-21050.0,10
15,No,long,20.0,30.0,1019,45.24,54.76,45.24,107512.5,2.11,2.69,-16175.0,9
15,No,long,30.0,45.0,875,42.4,57.6,42.4,57037.5,1.304,1.036,-30350.0,9
15,No,short,2.0,3.0,1080,36.481,63.519,36.481,-36500.0,-0.676,-9.225,-37375.0,13
15,No,short,3.0,4.5,1080,37.315,62.685,37.315,-37875.0,-0.701,-6.352,-40175.0,19
15,No,short,5.0,7.5,1080,39.815,60.185,39.815,-28362.5,-0.525,-2.819,-29925.0,10
15,No,short,7.5,11.25,1080,40.648,59.352,40.648,-20437.5,-0.378,-1.35,-36950.0,12
15,No,short,10.0,15.0,1079,40.778,59.222,40.778,-11062.5,-0.205,-0.535,-33150.0,10
15,No,short,15.0,22.5,1073,41.193,58.807,41.193,-837.5,-0.016,-0.027,-35875.0,10
15,No,short,20.0,30.0,1035,40.87,59.13,40.87,-912.5,-0.018,-0.023,-36200.0,17
15,No,short,30.0,45.0,930,40.108,59.892,40.108,-16037.5,-0.345,-0.284,-48450.0,10
15,Yes,long,2.0,3.0,1075,40.0,60.0,40.0,-26875.0,-0.5,-6.69,-26875.0,16
15,Yes,long,3.0,4.5,1075,42.047,57.674,42.14,-18125.0,-0.337,-2.986,-18962.5,11
15,Yes,long,5.0,7.5,1075,42.326,54.047,43.814,-837.5,-0.016,-0.084,-8975.0,12
15,Yes,long,7.5,11.25,1075,39.907,51.349,44.744,16187.5,0.301,1.099,-13275.0,16
15,Yes,long,10.0,15.0,1075,35.163,49.488,44.558,13537.5,0.252,0.715,-15000.0,12
15,Yes,long,15.0,22.5,1075,27.535,43.628,46.977,27162.5,0.505,1.029,-19900.0,12
15,Yes,long,20.0,30.0,1075,21.023,36.651,49.86,48050.0,0.894,1.486,-14775.0,8
15,Yes,long,30.0,45.0,1075,11.163,26.698,52.372,37762.5,0.703,0.928,-18962.5,10
15,Yes,short,2.0,3.0,1080,36.481,63.519,36.481,-36500.0,-0.676,-9.225,-37375.0,13
15,Yes,short,3.0,4.5,1080,37.315,62.685,37.315,-37875.0,-0.701,-6.352,-40175.0,19
15,Yes,short,5.0,7.5,1080,39.722,60.093,39.907,-28062.5,-0.52,-2.792,-30062.5,10
15,Yes,short,7.5,11.25,1080,39.537,58.148,40.926,-20287.5,-0.376,-1.352,-35775.0,12
15,Yes,short,10.0,15.0,1080,37.593,55.741,41.389,-17450.0,-0.323,-0.888,-36325.0,10
15,Yes,short,15.0,22.5,1080,34.444,47.778,43.333,13300.0,0.246,0.473,-39575.0,9
15,Yes,short,20.0,30.0,1080,27.87,41.019,43.333,7037.5,0.13,0.202,-38162.5,10
15,Yes,short,30.0,45.0,1080,18.611,29.259,44.722,10450.0,0.194,0.23,-50850.0,9
