ets,xts,entry,exit,why,pnl
2016-09-12 10:20:43,2016-09-22 09:22:40,2889.0,2929.0,T,1975.0
2016-09-27 12:25:09,2016-10-11 11:29:27,2914.5,2894.5,S,-1025.0
2016-11-07 13:47:48,2016-11-08 21:05:28,2886.5,2866.5,S,-1025.0
2016-11-09 09:32:14,2016-11-10 03:12:54,2896.0,2936.0,T,1975.0
2016-12-07 13:19:49,2016-12-11 18:00:00,2986.5,3026.5,T,1975.0
2016-12-15 11:04:00,2016-12-28 14:08:02,3033.25,3013.25,S,-1025.0
2017-01-24 14:58:01,2017-02-13 08:21:00,3046.0,3086.0,T,1975.0
2017-03-01 12:04:00,2017-03-02 22:28:35,3164.25,3144.25,S,-1025.0
2017-03-27 12:01:00,2017-04-24 06:11:04,3106.25,3146.25,T,1975.0
2017-05-18 14:02:00,2017-05-24 21:28:00,3140.75,3180.75,T,1975.0
2017-08-22 13:02:00,2017-08-28 16:30:00,3220.75,3200.75,S,-1025.0
2017-08-29 12:45:00,2017-09-11 10:04:01,3215.75,3255.75,T,1975.0
2017-11-16 14:09:00,2017-11-19 20:54:04,3363.25,3343.25,S,-1025.0
2017-11-28 14:43:00,2017-12-03 18:00:00,3395.0,3435.0,T,1975.0
2017-12-15 14:17:00,2018-01-04 09:35:00,3453.5,3493.5,T,1975.0
2018-01-12 14:19:00,2018-01-22 12:25:00,3557.75,3597.75,T,1975.0
2018-01-22 14:24:00,2018-01-26 15:04:00,3596.0,3636.0,T,1975.0
2018-02-01 11:40:00,2018-02-01 20:39:00,3603.5,3583.5,S,-1025.0
2018-02-05 10:13:00,2018-02-05 12:21:00,3526.0,3506.0,S,-1025.0
2018-02-06 09:33:00,2018-02-06 09:50:00,3392.5,3432.5,T,1975.0
2018-02-07 09:39:00,2018-02-07 14:49:00,3476.75,3456.75,S,-1025.0
2018-02-12 12:12:00,2018-02-13 03:26:00,3430.0,3410.0,S,-1025.0
2018-02-13 13:19:00,2018-02-14 08:31:00,3429.5,3409.5,S,-1025.0
2018-02-14 09:52:00,2018-02-14 15:15:00,3432.0,3472.0,T,1975.0
2018-02-16 10:30:00,2018-02-20 04:33:01,3510.5,3490.5,S,-1025.0
2018-02-20 11:55:00,2018-02-20 15:05:00,3507.25,3487.25,S,-1025.0
2018-02-21 11:25:00,2018-02-21 15:09:00,3506.0,3486.0,S,-1025.0
2018-02-22 11:25:00,2018-02-22 13:47:00,3498.0,3478.0,S,-1025.0
2018-02-23 14:47:00,2018-02-26 13:28:00,3504.75,3544.75,T,1975.0
2018-02-26 14:03:00,2018-02-27 15:07:00,3546.25,3526.25,S,-1025.0
2018-03-01 10:34:00,2018-03-01 10:58:00,3502.0,3482.0,S,-1025.0
2018-03-02 11:44:00,2018-03-05 11:40:00,3443.75,3483.75,T,1975.0
2018-03-07 10:23:00,2018-03-09 08:35:00,3489.25,3529.25,T,1975.0
2018-03-09 11:58:02,2018-03-14 11:36:00,3543.25,3523.25,S,-1025.0
2018-03-21 13:59:00,2018-03-21 14:49:00,3503.25,3483.25,S,-1025.0
2018-03-26 14:30:00,2018-03-27 15:05:00,3411.5,3391.5,S,-1025.0
2018-03-28 12:18:00,2018-03-28 12:56:00,3398.0,3378.0,S,-1025.0
2018-03-29 10:58:00,2018-04-02 10:11:00,3401.0,3381.0,S,-1025.0
2018-04-04 09:56:00,2018-04-04 14:27:00,3355.25,3395.25,T,1975.0
2018-04-06 09:50:00,2018-04-06 10:43:00,3422.25,3402.25,S,-1025.0
2018-04-09 10:31:00,2018-04-09 15:56:00,3400.75,3380.75,S,-1025.0
2018-04-11 11:49:00,2018-04-17 01:55:00,3421.25,3461.25,T,1975.0
2018-04-26 13:09:00,2018-04-30 15:57:00,3435.0,3415.0,S,-1025.0
2018-05-04 10:08:00,2018-05-06 18:20:00,3398.0,3438.0,T,1975.0
2018-05-09 12:47:00,2018-05-11 10:56:00,3459.0,3499.0,T,1975.0
2018-05-16 12:30:00,2018-05-23 04:22:01,3493.5,3473.5,S,-1025.0
2018-05-23 14:24:00,2018-05-24 10:54:00,3493.5,3473.5,S,-1025.0
2018-05-30 11:31:00,2018-06-06 11:23:00,3485.25,3525.25,T,1975.0
2018-06-19 14:41:00,2018-06-24 20:26:00,3529.0,3509.0,S,-1025.0
2018-06-27 10:37:00,2018-06-27 12:58:00,3510.5,3490.5,S,-1025.0
2018-06-28 14:20:00,2018-07-06 11:17:00,3480.0,3520.0,T,1975.0
2018-07-17 11:43:00,2018-07-25 15:49:00,3570.0,3610.0,T,1975.0
2018-08-02 11:29:00,2018-08-06 13:00:00,3575.25,3615.25,T,1975.0
2018-08-16 12:07:00,2018-08-27 09:30:00,3613.25,3653.25,T,1975.0
2018-09-07 10:47:00,2018-09-20 08:37:00,3645.5,3685.5,T,1975.0
2018-10-11 09:57:00,2018-10-11 10:17:00,3555.5,3535.5,S,-1025.0
2018-10-16 10:57:00,2018-10-18 11:50:00,3546.75,3526.75,S,-1025.0
2018-10-19 09:49:00,2018-10-19 12:25:00,3551.25,3531.25,S,-1025.0
2018-10-23 13:06:00,2018-10-24 11:05:00,3488.5,3468.5,S,-1025.0
2018-10-25 10:03:00,2018-10-25 16:56:00,3453.5,3433.5,S,-1025.0
2018-10-26 12:42:00,2018-10-26 14:21:00,3438.75,3418.75,S,-1025.0
2018-10-30 09:49:00,2018-10-31 02:59:00,3417.0,3457.0,T,1975.0
2018-10-31 10:32:00,2018-10-31 16:13:00,3485.0,3465.0,S,-1025.0
2018-11-01 13:25:00,2018-11-02 11:45:00,3494.0,3474.0,S,-1025.0
2018-11-05 14:49:00,2018-11-07 04:29:00,3501.5,3541.5,T,1975.0
2018-11-07 11:52:00,2018-11-09 11:57:00,3553.5,3533.5,S,-1025.0
2018-11-13 11:17:00,2018-11-13 12:40:00,3511.0,3491.0,S,-1025.0
2018-11-15 11:32:00,2018-11-16 12:46:00,3463.5,3503.5,T,1975.0
2018-11-16 13:09:00,2018-11-19 10:20:00,3492.75,3472.75,S,-1025.0
2018-11-20 12:03:00,2018-11-20 13:17:00,3427.75,3407.75,S,-1025.0
2018-11-23 11:16:01,2018-11-27 16:30:00,3404.75,3444.75,T,1975.0
2018-11-28 12:01:00,2018-11-29 14:48:01,3468.75,3508.75,T,1975.0
2018-11-29 14:48:01,2018-11-30 05:44:00,3509.75,3489.75,S,-1025.0
2018-11-30 14:13:00,2018-12-02 18:00:00,3510.0,3551.5,T,2050.0
2018-12-06 13:59:00,2018-12-06 14:22:00,3431.0,3411.0,S,-1025.0
2018-12-07 09:40:00,2018-12-07 10:13:00,3465.75,3445.75,S,-1025.0
2018-12-19 09:54:00,2018-12-19 14:03:00,3321.5,3301.5,S,-1025.0
2018-12-20 10:06:00,2018-12-20 11:17:00,3265.75,3245.75,S,-1025.0
2018-12-21 10:12:00,2018-12-21 11:03:00,3248.0,3228.0,S,-1025.0
2018-12-26 09:37:00,2018-12-26 09:57:00,3139.75,3119.75,S,-1025.0
2018-12-28 14:52:00,2018-12-28 15:09:00,3274.25,3254.25,S,-1025.0
2019-01-02 10:03:00,2019-01-03 01:00:00,3239.5,3219.5,S,-1025.0
2019-01-04 09:58:00,2019-01-04 13:05:00,3252.5,3292.5,T,1975.0
2019-01-07 11:03:00,2019-01-09 09:58:00,3303.5,3343.5,T,1975.0
2019-01-10 11:12:00,2019-01-16 14:28:00,3339.75,3379.75,T,1975.0
2019-01-17 11:06:00,2019-01-18 10:18:00,3374.75,3414.75,T,1975.0
2019-01-18 11:58:00,2019-01-21 22:03:03,3427.0,3407.0,S,-1025.0
2019-01-30 14:02:00,2019-01-31 16:34:00,3425.25,3465.25,T,1975.0
2019-02-12 11:12:00,2019-02-17 18:00:00,3495.75,3535.75,T,1975.0
2019-02-19 11:46:00,2019-03-07 02:27:00,3535.5,3515.5,S,-1025.0
2019-03-11 10:19:01,2019-03-13 09:52:00,3519.25,3559.25,T,1975.0
2019-03-13 11:27:00,2019-03-21 14:30:00,3571.5,3611.5,T,1975.0
2019-04-23 11:24:00,2019-05-02 11:24:00,3679.75,3659.75,S,-1025.0
2019-05-03 13:51:03,2019-05-05 18:00:00,3697.75,3666.75,S,-1575.0
2019-05-06 09:56:01,2019-05-07 10:05:00,3662.0,3642.0,S,-1025.0
2019-05-08 10:59:00,2019-05-08 20:38:00,3645.25,3625.25,S,-1025.0
2019-05-09 12:39:00,2019-05-10 00:54:03,3621.75,3601.75,S,-1025.0
2019-05-10 14:51:00,2019-05-12 18:00:00,3625.5,3605.5,S,-1025.0
2019-05-14 10:27:00,2019-05-15 08:42:00,3587.25,3567.25,S,-1025.0
2019-05-15 10:13:00,2019-05-16 09:56:00,3587.0,3627.0,T,1975.0
2019-05-17 10:21:00,2019-05-20 06:13:01,3617.5,3597.5,S,-1025.0
2019-06-04 11:10:00,2019-06-05 14:09:00,3534.25,3574.25,T,1975.0
2019-06-07 10:27:01,2019-06-18 08:23:00,3621.0,3661.0,T,1975.0
2019-06-18 09:47:00,2019-06-30 18:00:00,3675.0,3715.0,T,1975.0
2019-07-03 12:58:00,2019-07-05 09:54:00,3744.0,3724.0,S,-1025.0
2019-07-18 14:36:00,2019-07-19 16:30:00,3740.75,3720.75,S,-1025.0
2019-07-24 14:19:01,2019-07-31 14:42:00,3759.5,3739.5,S,-1025.0
2019-08-01 10:16:00,2019-08-01 13:34:00,3741.75,3721.75,S,-1025.0
2019-08-06 14:25:02,2019-08-06 22:02:00,3624.25,3604.25,S,-1025.0
2019-08-07 10:49:00,2019-08-07 12:20:00,3610.5,3590.5,S,-1025.0
2019-08-08 10:48:00,2019-08-12 07:18:00,3658.75,3638.75,S,-1025.0
2019-08-13 09:36:00,2019-08-13 10:18:00,3641.5,3681.5,T,1975.0
2019-08-16 10:23:00,2019-08-19 03:14:00,3625.75,3665.75,T,1975.0
2019-08-23 10:38:00,2019-08-23 10:59:00,3670.0,3650.0,S,-1025.0
2019-08-28 10:34:00,2019-08-29 04:59:05,3620.75,3660.75,T,1975.0
2019-09-05 10:12:00,2019-09-10 09:40:00,3726.0,3706.0,S,-1025.0
2019-09-25 14:41:00,2019-09-26 11:24:00,3727.75,3707.75,S,-1025.0
2019-09-30 13:44:02,2019-10-01 10:18:00,3727.75,3707.75,S,-1025.0
2019-10-03 12:44:00,2019-10-04 13:38:03,3643.25,3683.25,T,1975.0
2019-10-07 13:34:00,2019-10-07 15:58:00,3700.75,3680.75,S,-1025.0
2019-10-10 09:52:00,2019-10-11 07:23:00,3676.5,3716.5,T,1975.0
2019-10-11 10:17:00,2019-10-11 15:59:00,3727.0,3707.0,S,-1025.0
2019-10-15 10:34:00,2019-10-28 09:07:00,3737.5,3777.5,T,1975.0
2019-11-13 12:40:00,2019-11-25 19:28:04,3838.75,3878.75,T,1975.0
2019-12-12 09:37:00,2019-12-16 10:26:00,3900.75,3940.75,T,1975.0
2020-01-03 09:42:00,2020-01-05 18:00:00,3978.75,3958.75,S,-1025.0
2020-01-06 10:20:00,2020-01-07 18:22:00,3969.75,3949.75,S,-1025.0
2020-01-08 11:38:00,2020-01-13 18:40:04,3994.0,4034.0,T,1975.0
2020-01-15 10:36:00,2020-01-22 10:42:00,4037.5,4077.5,T,1975.0
2020-01-27 09:47:00,2020-01-29 14:03:00,3992.0,4032.0,T,1975.0
2020-01-30 09:44:00,2020-01-30 10:44:00,4004.0,3984.0,S,-1025.0
2020-02-03 09:46:00,2020-02-04 09:56:00,3994.5,4034.5,T,1975.0
2020-02-04 11:30:00,2020-02-05 20:14:00,4041.75,4081.75,T,1975.0
2020-02-10 09:58:00,2020-02-11 10:12:00,4072.0,4112.0,T,1975.0
2020-02-13 11:25:00,2020-02-18 11:24:00,4117.5,4097.5,S,-1025.0
2020-02-24 09:35:00,2020-02-24 12:05:00,3988.5,3968.5,S,-1025.0
2020-02-26 09:37:00,2020-02-26 12:06:00,3898.0,3878.0,S,-1025.0
2020-02-27 11:18:00,2020-02-27 11:29:00,3809.5,3789.5,S,-1025.0
2020-02-28 09:30:00,2020-02-28 09:53:00,3640.75,3620.75,S,-1025.0
2020-03-02 10:52:00,2020-03-02 11:54:00,3736.25,3776.25,T,1975.0
2020-03-03 09:58:00,2020-03-03 10:06:00,3865.5,3845.5,S,-1025.0
2020-03-04 12:57:00,2020-03-04 15:33:00,3817.25,3857.25,T,1975.0
2020-03-05 10:21:00,2020-03-05 12:06:00,3805.75,3785.75,S,-1025.0
2020-03-06 10:24:00,2020-03-06 12:17:00,3687.0,3667.0,S,-1025.0
2020-03-09 09:53:00,2020-03-09 10:14:00,3517.0,3557.0,T,1975.0
2020-03-12 09:58:00,2020-03-12 09:59:00,3323.0,3303.0,S,-1025.0
2020-03-16 11:09:00,2020-03-16 11:41:00,3268.5,3248.5,S,-1025.0
2020-03-17 09:31:00,2020-03-17 09:32:00,3200.5,3180.5,S,-1025.0
2020-03-18 09:30:00,2020-03-18 09:54:00,3133.75,3173.75,T,1975.0
2020-03-19 10:11:00,2020-03-19 10:40:00,3145.25,3125.25,S,-1025.0
2020-03-20 10:52:00,2020-03-20 11:15:00,3188.75,3168.75,S,-1025.0
2020-03-24 09:33:00,2020-03-24 09:41:00,3115.0,3095.0,S,-1025.0
2020-03-25 09:33:00,2020-03-25 09:52:00,3213.25,3193.25,S,-1025.0
2020-03-26 09:30:00,2020-03-26 10:08:00,3261.75,3301.75,T,1975.0
2020-03-27 09:35:00,2020-03-27 09:40:00,3295.5,3275.5,S,-1025.0
2020-03-30 10:18:00,2020-03-30 15:10:00,3322.25,3362.25,T,1975.0
2020-03-31 10:13:00,2020-03-31 12:25:00,3370.0,3350.0,S,-1025.0
2020-04-01 09:36:00,2020-04-01 12:25:00,3242.25,3222.25,S,-1025.0
2020-04-02 09:33:00,2020-04-02 09:44:00,3218.5,3198.5,S,-1025.0
2020-04-03 09:39:00,2020-04-03 10:21:00,3271.5,3251.5,S,-1025.0
2020-04-06 09:49:00,2020-04-06 15:32:00,3345.25,3385.25,T,1975.0
2020-04-08 11:11:00,2020-04-08 14:39:00,3447.5,3487.5,T,1975.0
2020-04-09 09:40:00,2020-04-09 10:22:00,3541.75,3521.75,S,-1025.0
2020-04-14 09:56:00,2020-04-14 11:09:00,3574.75,3554.75,S,-1025.0
2020-04-15 14:37:00,2020-04-15 15:53:00,3540.75,3520.75,S,-1025.0
2020-04-20 10:12:00,2020-04-20 14:55:00,3589.75,3569.75,S,-1025.0
2020-04-22 14:39:00,2020-04-22 19:02:01,3548.5,3528.5,S,-1025.0
2020-04-23 09:35:00,2020-04-23 12:44:00,3569.0,3549.0,S,-1025.0
2020-04-24 14:37:00,2020-04-27 00:48:01,3572.0,3612.0,T,1975.0
2020-04-27 11:26:00,2020-04-28 05:42:00,3616.25,3656.25,T,1975.0
2020-04-29 11:52:00,2020-04-30 08:59:00,3680.5,3660.5,S,-1025.0
2020-05-04 14:57:00,2020-05-05 03:31:00,3573.25,3613.25,T,1975.0
2020-05-05 09:59:00,2020-05-05 15:36:00,3631.25,3611.25,S,-1025.0
2020-05-07 11:43:00,2020-05-07 15:15:00,3642.75,3622.75,S,-1025.0
2020-05-11 11:29:00,2020-05-11 23:11:01,3667.5,3647.5,S,-1025.0
2020-05-14 11:04:00,2020-05-14 15:52:00,3555.75,3595.75,T,1975.0
2020-05-15 09:51:00,2020-05-15 11:03:00,3587.75,3567.75,S,-1025.0
2020-05-18 10:49:00,2020-05-19 15:51:00,3694.0,3674.0,S,-1025.0
2020-05-20 10:11:00,2020-05-20 22:03:01,3722.0,3702.0,S,-1025.0
2020-05-28 12:40:00,2020-05-28 15:30:00,3811.0,3791.0,S,-1025.0
2020-05-29 14:59:00,2020-05-31 18:01:00,3790.5,3770.5,S,-1025.0
2020-06-01 10:29:00,2020-06-02 20:00:00,3799.75,3839.75,T,1975.0
2020-06-03 11:09:00,2020-06-04 15:06:00,3866.0,3846.0,S,-1025.0
2020-06-05 10:51:00,2020-06-08 15:49:01,3938.0,3978.0,T,1975.0
2020-06-09 13:22:00,2020-06-10 06:09:00,3967.5,3947.5,S,-1025.0
2020-06-15 09:53:00,2020-06-15 12:21:01,3745.5,3785.5,T,1975.0
2020-06-18 10:05:00,2020-06-19 09:26:00,3866.0,3906.0,T,1975.0
2020-06-22 10:10:00,2020-06-22 21:22:00,3857.0,3837.0,S,-1025.0
2020-06-25 12:19:00,2020-06-26 10:16:00,3812.25,3792.25,S,-1025.0
2020-06-29 10:47:00,2020-06-30 11:04:00,3791.25,3831.25,T,1975.0
2020-07-01 10:29:00,2020-07-01 11:28:00,3872.75,3852.75,S,-1025.0
2020-07-07 10:11:00,2020-07-07 15:02:00,3931.25,3911.25,S,-1025.0
2020-07-08 09:56:00,2020-07-08 11:06:00,3923.75,3903.75,S,-1025.0
2020-07-10 11:41:00,2020-07-12 18:00:00,3919.75,3959.75,T,1975.0
2020-07-13 10:58:00,2020-07-13 14:29:00,3978.5,3958.5,S,-1025.0
2020-07-14 09:40:00,2020-07-14 09:50:00,3909.75,3889.75,S,-1025.0
2020-07-20 10:39:00,2020-07-21 04:49:00,3992.0,4032.0,T,1975.0
2020-07-22 12:12:00,2020-07-23 13:40:00,4025.0,4005.0,S,-1025.0
2020-07-29 10:50:00,2020-07-30 04:56:00,3998.5,3978.5,S,-1025.0
2020-07-30 12:15:00,2020-07-31 12:38:00,3998.25,3978.25,S,-1025.0
2020-08-04 10:47:00,2020-08-06 14:11:00,4056.0,4096.0,T,1975.0
2020-08-12 10:23:00,2020-08-14 04:10:00,4133.5,4113.5,S,-1025.0
2020-08-20 10:14:00,2020-08-24 02:14:00,4131.5,4171.5,T,1975.0
2020-08-26 12:04:00,2020-08-27 22:35:00,4224.75,4264.75,T,1975.0
2020-09-01 14:27:00,2020-09-02 12:35:00,4279.5,4319.5,T,1975.0
2020-09-02 13:15:00,2020-09-03 10:14:00,4325.25,4305.25,S,-1025.0
2020-09-04 09:35:00,2020-09-04 09:44:00,4239.25,4219.25,S,-1025.0
2020-09-07 10:52:00,2020-09-08 04:23:01,4197.5,4177.5,S,-1025.0
2020-09-09 10:17:00,2020-09-10 14:14:00,4154.5,4134.5,S,-1025.0
2020-09-14 09:55:00,2020-09-16 14:37:00,4152.0,4192.0,T,1975.0
2020-09-16 14:38:00,2020-09-16 15:03:00,4193.0,4173.0,S,-1025.0
2020-09-17 09:51:00,2020-09-17 12:17:00,4114.25,4094.25,S,-1025.0
2020-09-24 09:59:00,2020-09-24 10:37:00,4006.25,3986.25,S,-1025.0
2020-09-25 10:25:00,2020-09-25 14:55:00,4015.25,4055.25,T,1975.0
2020-09-28 13:55:00,2020-09-29 10:43:00,4122.25,4102.25,S,-1025.0
2020-09-30 09:54:00,2020-10-01 07:55:02,4120.5,4160.5,T,1975.0
2020-10-02 09:36:00,2020-10-05 10:15:00,4109.5,4149.5,T,1975.0
2020-10-06 14:31:01,2020-10-06 14:49:00,4188.0,4168.0,S,-1025.0
2020-10-07 10:29:00,2020-10-08 14:40:00,4170.5,4210.5,T,1975.0
2020-10-09 11:52:00,2020-10-12 11:02:00,4244.75,4284.75,T,1975.0
2020-10-12 11:04:00,2020-10-13 14:29:00,4287.0,4267.0,S,-1025.0
2020-10-15 09:50:00,2020-10-16 09:27:00,4226.0,4266.0,T,1975.0
2020-10-16 10:26:00,2020-10-16 12:39:00,4278.5,4258.5,S,-1025.0
2020-10-20 10:08:00,2020-10-20 11:00:00,4223.5,4203.5,S,-1025.0
2020-10-21 09:44:00,2020-10-21 11:12:00,4222.25,4202.25,S,-1025.0
2020-10-22 13:50:00,2020-10-25 18:15:01,4219.0,4199.0,S,-1025.0
2020-10-29 10:02:00,2020-10-29 14:17:00,4059.25,4099.25,T,1975.0
2020-11-02 10:17:00,2020-11-02 10:42:00,4096.0,4076.0,S,-1025.0
2020-11-03 09:51:00,2020-11-03 18:36:00,4125.75,4165.75,T,1975.0
2020-11-04 09:58:00,2020-11-04 10:21:00,4198.25,4238.25,T,1975.0
2020-11-05 10:05:00,2020-11-05 12:21:00,4283.0,4263.0,S,-1025.0
2020-11-10 12:13:00,2020-11-10 13:23:00,4323.75,4303.75,S,-1025.0
2020-11-13 13:00:00,2020-11-15 18:14:00,4342.25,4382.25,T,1975.0
2020-11-17 12:11:00,2020-11-17 19:30:00,4390.25,4370.25,S,-1025.0
2020-11-19 14:34:00,2020-11-19 18:01:00,4347.0,4327.0,S,-1025.0
2020-11-24 10:50:00,2020-11-30 10:42:00,4391.0,4371.0,S,-1025.0
2020-12-01 10:17:00,2020-12-01 19:48:00,4445.0,4425.0,S,-1025.0
2020-12-02 11:49:00,2020-12-06 18:00:00,4437.25,4477.25,T,1975.0
2020-12-08 10:59:00,2020-12-09 13:31:00,4465.5,4445.5,S,-1025.0
2020-12-10 09:49:00,2020-12-11 03:19:00,4442.25,4422.25,S,-1025.0
2020-12-15 13:06:00,2020-12-18 04:03:01,4464.0,4504.0,T,1975.0
2020-12-21 12:26:00,2020-12-22 19:53:00,4452.75,4432.75,S,-1025.0
2021-01-05 09:35:00,2021-01-06 10:26:00,4482.5,4522.5,T,1975.0
2021-01-07 09:55:00,2021-01-08 15:59:00,4562.0,4602.0,T,1975.0
2021-01-11 10:25:00,2021-01-12 12:04:00,4582.5,4562.5,S,-1025.0
2021-01-13 12:51:00,2021-01-14 15:53:00,4588.5,4568.5,S,-1025.0
2021-01-20 10:16:00,2021-01-25 11:02:00,4613.0,4593.0,S,-1025.0
2021-01-28 09:42:00,2021-01-28 16:30:00,4570.25,4550.25,S,-1025.0
2021-02-01 11:39:00,2021-02-02 03:19:00,4537.5,4577.5,T,1975.0
2021-02-02 09:48:00,2021-02-04 13:10:00,4595.25,4635.25,T,1975.0
2021-02-12 10:42:00,2021-02-15 20:23:00,4699.25,4739.25,T,1975.0
2021-02-17 14:06:00,2021-02-18 08:32:00,4704.75,4684.75,S,-1025.0
2021-02-18 15:00:00,2021-02-18 20:31:00,4696.0,4676.0,S,-1025.0
2021-02-22 12:49:00,2021-02-22 19:04:00,4670.0,4650.0,S,-1025.0
2021-02-23 14:52:00,2021-02-24 12:01:00,4647.75,4687.75,T,1975.0
2021-03-01 10:00:00,2021-03-03 08:44:00,4657.5,4637.5,S,-1025.0
2021-03-04 09:34:00,2021-03-04 09:48:00,4611.5,4591.5,S,-1025.0
2021-03-05 14:28:00,2021-03-07 18:00:00,4605.0,4645.0,T,1975.0
2021-03-08 10:18:00,2021-03-08 13:56:00,4645.5,4625.5,S,-1025.0
2021-03-09 09:57:00,2021-03-10 01:09:06,4658.25,4638.25,S,-1025.0
2021-03-10 14:48:00,2021-03-10 19:24:01,4696.25,4676.25,S,-1025.0
2021-03-11 10:47:00,2021-03-12 03:00:09,4720.25,4700.25,S,-1025.0
2021-03-17 14:01:17,2021-03-18 07:32:54,4747.5,4727.5,S,-1025.0
2021-03-18 12:00:15,2021-03-18 14:28:05,4742.75,4722.75,S,-1025.0
2021-03-19 13:58:50,2021-03-19 15:59:58,4708.25,4688.25,S,-1025.0
2021-03-22 09:59:57,2021-03-23 15:21:47,4710.0,4690.0,S,-1025.0
2021-03-24 11:04:38,2021-03-24 13:11:31,4720.0,4700.0,S,-1025.0
2021-03-25 12:23:05,2021-03-26 01:56:41,4670.25,4710.25,T,1975.0
2021-03-26 12:34:54,2021-03-26 14:15:41,4719.75,4699.75,S,-1025.0
2021-03-29 13:01:09,2021-03-30 07:16:30,4755.75,4735.75,S,-1025.0
2021-03-31 10:40:29,2021-04-01 16:00:46,4763.25,4803.25,T,1975.0
2021-04-05 10:14:16,2021-04-08 16:12:15,4845.5,4885.5,T,1975.0
2021-04-09 13:43:18,2021-04-14 10:32:27,4893.5,4933.5,T,1975.0
2021-04-15 11:01:36,2021-04-20 05:43:27,4948.0,4928.0,S,-1025.0
2021-04-21 09:52:46,2021-04-23 12:47:03,4925.25,4965.25,T,1975.0
2021-05-06 11:49:41,2021-05-07 09:49:19,4969.0,5009.0,T,1975.0
2021-05-07 10:02:20,2021-05-10 14:29:24,5009.5,4989.5,S,-1025.0
2021-05-11 09:58:52,2021-05-11 10:25:06,4940.75,4920.75,S,-1025.0
2021-05-13 09:36:11,2021-05-14 00:41:01,4880.25,4920.25,T,1975.0
2021-05-14 09:57:12,2021-05-18 15:52:30,4941.25,4921.25,S,-1025.0
2021-05-19 12:06:06,2021-05-20 09:31:51,4878.25,4918.25,T,1975.0
2021-05-20 09:58:27,2021-05-21 09:31:36,4926.5,4966.5,T,1975.0
2021-05-24 10:15:20,2021-06-03 07:46:13,4982.25,4962.25,S,-1025.0
2021-06-03 10:59:41,2021-06-08 08:19:28,4987.0,5027.0,T,1975.0
2021-06-10 10:00:29,2021-06-10 10:46:03,5039.0,5019.0,S,-1025.0
2021-06-21 10:03:13,2021-06-22 11:10:53,4989.25,5029.25,T,1975.0
2021-06-22 11:22:43,2021-06-25 10:29:26,5030.0,5070.0,T,1975.0
2021-07-01 14:39:26,2021-07-07 12:12:53,5109.0,5149.0,T,1975.0
2021-07-08 11:39:00,2021-07-09 10:22:46,5108.75,5148.75,T,1975.0
2021-07-09 10:33:48,2021-07-16 14:43:55,5146.5,5126.5,S,-1025.0
2021-07-20 09:48:14,2021-07-20 11:58:53,5076.25,5116.25,T,1975.0
2021-07-21 11:51:58,2021-07-23 10:37:24,5144.5,5184.5,T,1975.0
2021-07-23 11:19:52,2021-07-27 11:33:30,5195.25,5175.25,S,-1025.0
2021-07-29 10:39:43,2021-07-29 16:33:57,5218.25,5198.25,S,-1025.0
2021-07-30 09:53:49,2021-08-02 15:47:00,5199.75,5179.75,S,-1025.0
2021-08-03 12:59:15,2021-08-12 06:36:09,5203.75,5243.75,T,1975.0
2021-08-16 14:45:22,2021-08-17 09:30:00,5265.25,5245.25,S,-1025.0
2021-08-18 10:18:34,2021-08-18 14:12:57,5249.25,5229.25,S,-1025.0
2021-08-19 09:33:51,2021-08-20 09:46:37,5180.75,5220.75,T,1975.0
2021-08-20 09:46:37,2021-08-23 09:32:31,5220.5,5260.5,T,1975.0
2021-08-23 10:01:56,2021-08-29 18:40:48,5270.75,5310.75,T,1975.0
2021-08-30 10:39:41,2021-09-08 03:09:29,5328.25,5308.25,S,-1025.0
2021-09-09 10:05:29,2021-09-09 13:19:42,5325.5,5305.5,S,-1025.0
2021-09-15 12:29:18,2021-09-16 10:54:50,5263.75,5243.75,S,-1025.0
2021-09-20 09:44:27,2021-09-20 10:16:38,5178.75,5158.75,S,-1025.0
2021-09-22 10:06:27,2021-09-23 05:01:08,5191.0,5231.0,T,1975.0
2021-09-23 09:38:51,2021-09-26 20:04:01,5229.0,5269.0,T,1975.0
2021-09-29 09:59:58,2021-09-29 12:14:15,5182.75,5162.75,S,-1025.0
2021-10-01 13:28:57,2021-10-04 10:23:04,5139.5,5119.5,S,-1025.0
2021-10-05 10:00:07,2021-10-06 03:05:10,5132.0,5112.0,S,-1025.0
2021-10-06 09:34:39,2021-10-06 09:54:55,5122.75,5102.75,S,-1025.0
2021-10-07 09:34:46,2021-10-08 04:50:53,5212.5,5192.5,S,-1025.0
2021-10-11 09:50:00,2021-10-11 13:22:45,5201.0,5181.0,S,-1025.0
2021-10-14 10:04:51,2021-10-15 08:37:47,5219.5,5259.5,T,1975.0
2021-10-18 10:00:10,2021-10-19 06:36:51,5268.75,5308.75,T,1975.0
2021-10-19 12:49:05,2021-10-22 10:26:12,5318.0,5358.0,T,1975.0
2021-10-22 10:29:01,2021-10-22 11:22:03,5360.5,5340.5,S,-1025.0
2021-10-25 13:10:27,2021-10-29 16:29:12,5372.25,5412.25,T,1975.0
2021-11-02 10:59:58,2021-11-04 04:21:45,5431.75,5471.75,T,1975.0
2021-11-04 10:15:21,2021-11-10 13:06:29,5482.75,5462.75,S,-1025.0
2021-11-12 11:17:05,2021-11-18 20:07:01,5480.25,5520.25,T,1975.0
2021-11-22 09:49:30,2021-11-22 11:54:04,5538.25,5518.25,S,-1025.0
2021-11-23 09:53:51,2021-11-23 10:08:24,5501.75,5481.75,S,-1025.0
2021-11-24 10:38:18,2021-11-25 21:16:53,5489.25,5469.25,S,-1025.0
2021-11-29 12:21:25,2021-11-30 00:12:15,5469.5,5449.5,S,-1025.0
2021-11-30 10:06:24,2021-11-30 10:47:44,5449.5,5429.5,S,-1025.0
2021-12-01 10:51:22,2021-12-01 12:54:54,5446.0,5426.0,S,-1025.0
2021-12-02 09:36:15,2021-12-02 11:19:48,5339.5,5379.5,T,1975.0
2021-12-06 10:13:20,2021-12-07 01:26:46,5389.0,5429.0,T,1975.0
2021-12-07 09:44:42,2021-12-07 21:03:51,5472.25,5512.25,T,1975.0
2021-12-14 09:39:42,2021-12-14 10:46:48,5456.25,5436.25,S,-1025.0
2021-12-15 14:11:31,2021-12-15 14:27:50,5461.0,5441.0,S,-1025.0
2021-12-17 10:50:49,2021-12-17 11:43:44,5456.5,5436.5,S,-1025.0
2021-12-21 11:41:54,2021-12-22 10:00:22,5426.25,5466.25,T,1975.0
2021-12-22 10:18:57,2021-12-22 18:00:16,5469.25,5509.25,T,1975.0
2021-12-23 09:37:26,2021-12-27 10:21:15,5528.75,5568.75,T,1975.0
2022-01-06 09:36:41,2022-01-06 09:54:27,5520.25,5500.25,S,-1025.0
2022-01-11 11:34:34,2022-01-12 00:41:13,5491.25,5531.25,T,1975.0
2022-01-12 10:09:38,2022-01-12 10:39:00,5554.5,5534.5,S,-1025.0
2022-01-14 09:37:54,2022-01-14 11:15:32,5451.0,5431.0,S,-1025.0
2022-01-20 09:42:35,2022-01-20 14:47:12,5375.5,5355.5,S,-1025.0
2022-01-21 11:20:38,2022-01-21 11:37:47,5296.0,5276.0,S,-1025.0
2022-01-25 13:43:35,2022-01-25 14:47:33,5169.75,5209.75,T,1975.0
2022-01-26 10:00:10,2022-01-26 10:15:39,5246.75,5226.75,S,-1025.0
2022-01-27 09:43:29,2022-01-27 10:29:41,5220.25,5200.25,S,-1025.0
2022-01-28 11:11:25,2022-01-28 14:28:37,5164.25,5144.25,S,-1025.0
2022-01-31 09:52:18,2022-01-31 12:17:53,5249.75,5289.75,T,1975.0
2022-02-02 14:33:35,2022-02-02 16:08:13,5391.25,5371.25,S,-1025.0
2022-02-03 10:19:15,2022-02-03 11:51:55,5348.0,5328.0,S,-1025.0
2022-02-04 09:42:44,2022-02-04 10:34:57,5300.0,5280.0,S,-1025.0
2022-02-08 10:52:01,2022-02-08 18:18:00,5303.0,5343.0,T,1975.0
2022-02-09 10:59:05,2022-02-10 08:31:37,5390.25,5370.25,S,-1025.0
2022-02-10 09:36:57,2022-02-10 10:38:32,5350.5,5390.5,T,1975.0
2022-02-11 09:45:52,2022-02-11 09:57:57,5330.5,5310.5,S,-1025.0
2022-02-14 13:02:17,2022-02-14 13:30:26,5234.75,5214.75,S,-1025.0
2022-02-15 09:34:40,2022-02-15 12:49:39,5273.25,5253.25,S,-1025.0
2022-02-16 14:21:44,2022-02-16 23:00:13,5276.5,5256.5,S,-1025.0
2022-02-22 09:47:29,2022-02-22 11:09:48,5153.75,5133.75,S,-1025.0
2022-02-24 09:32:56,2022-02-24 10:18:40,4946.75,4986.75,T,1975.0
2022-02-25 10:22:51,2022-02-25 11:21:51,5134.5,5174.5,T,1975.0
2022-02-28 09:36:07,2022-02-28 10:17:45,5159.0,5139.0,S,-1025.0
2022-03-01 09:35:48,2022-03-01 09:52:07,5186.5,5166.5,S,-1025.0
2022-03-02 09:45:18,2022-03-02 10:08:56,5159.0,5139.0,S,-1025.0
2022-03-04 13:07:09,2022-03-04 13:41:18,5153.25,5133.25,S,-1025.0
2022-03-08 12:09:25,2022-03-08 12:42:57,5031.5,5071.5,T,1975.0
2022-03-09 10:58:16,2022-03-09 11:15:03,5087.75,5067.75,S,-1025.0
2022-03-10 09:56:17,2022-03-10 10:34:34,5061.0,5041.0,S,-1025.0
2022-03-14 10:09:45,2022-03-14 11:43:12,5046.75,5026.75,S,-1025.0
2022-03-15 09:32:14,2022-03-15 09:41:49,5033.0,5013.0,S,-1025.0
2022-03-16 09:38:25,2022-03-16 13:57:51,5138.5,5118.5,S,-1025.0
2022-03-17 09:45:20,2022-03-17 13:45:49,5175.25,5215.25,T,1975.0
2022-03-18 10:02:49,2022-03-18 15:18:07,5231.5,5271.5,T,1975.0
2022-03-21 09:34:40,2022-03-21 09:53:31,5293.25,5273.25,S,-1025.0
2022-03-22 09:38:25,2022-03-23 13:25:11,5308.0,5288.0,S,-1025.0
2022-03-24 11:01:07,2022-03-25 00:55:46,5309.5,5349.5,T,1975.0
2022-03-25 10:35:03,2022-03-25 11:09:06,5361.25,5341.25,S,-1025.0
2022-03-28 09:58:17,2022-03-28 11:32:05,5370.25,5350.25,S,-1025.0
2022-04-04 10:05:06,2022-04-05 12:27:59,5382.0,5362.0,S,-1025.0
2022-04-06 14:02:09,2022-04-06 14:06:43,5319.25,5299.25,S,-1025.0
2022-04-07 09:39:13,2022-04-07 10:40:05,5307.25,5287.25,S,-1025.0
2022-04-08 10:59:19,2022-04-08 14:26:51,5333.5,5313.5,S,-1025.0
2022-04-12 09:50:28,2022-04-12 10:37:11,5284.25,5264.25,S,-1025.0
2022-04-13 09:40:54,2022-04-13 15:31:52,5231.75,5271.75,T,1975.0
2022-04-18 09:31:11,2022-04-18 11:47:02,5217.75,5197.75,S,-1025.0
2022-04-19 09:43:07,2022-04-19 10:46:28,5230.0,5270.0,T,1975.0
2022-04-25 14:28:42,2022-04-25 23:06:49,5087.0,5127.0,T,1975.0
2022-04-27 09:41:33,2022-04-27 10:14:48,5021.0,5001.0,S,-1025.0
2022-04-28 12:32:54,2022-04-28 14:37:51,5071.5,5111.5,T,1975.0
2022-04-29 09:55:50,2022-04-29 10:16:22,5084.0,5064.0,S,-1025.0
2022-05-02 10:25:35,2022-05-02 11:01:21,4971.0,4951.0,S,-1025.0
2022-05-03 11:05:16,2022-05-03 14:39:37,4999.5,4979.5,S,-1025.0
2022-05-04 13:56:23,2022-05-04 14:07:24,5017.75,4997.75,S,-1025.0
2022-05-06 10:57:00,2022-05-06 11:36:36,4960.25,4940.25,S,-1025.0
2022-05-10 09:30:46,2022-05-10 09:35:17,4890.75,4870.75,S,-1025.0
2022-05-11 09:31:20,2022-05-11 09:34:06,4825.75,4805.75,S,-1025.0
2022-05-12 09:48:12,2022-05-12 09:50:44,4739.25,4719.25,S,-1025.0
2022-05-13 09:52:34,2022-05-13 12:05:31,4812.75,4852.75,T,1975.0
2022-05-16 10:29:24,2022-05-16 10:41:25,4846.25,4826.25,S,-1025.0
2022-05-19 09:33:32,2022-05-19 09:46:40,4732.0,4712.0,S,-1025.0
2022-05-23 09:51:00,2022-05-23 09:57:27,4772.5,4752.5,S,-1025.0
2022-05-25 09:34:17,2022-05-25 14:53:37,4765.75,4805.75,T,1975.0
2022-05-26 09:33:56,2022-05-26 11:00:34,4830.0,4870.0,T,1975.0
2022-05-27 09:37:17,2022-05-27 15:04:10,4925.0,4965.0,T,1975.0
2022-05-31 12:01:25,2022-05-31 14:48:10,4981.25,4961.25,S,-1025.0
2022-06-02 11:09:47,2022-06-02 14:05:42,4942.5,4982.5,T,1975.0
2022-06-03 10:00:52,2022-06-03 10:30:15,4966.5,4946.5,S,-1025.0
2022-06-06 10:02:23,2022-06-06 11:12:55,4990.5,4970.5,S,-1025.0
2022-06-07 09:46:55,2022-06-07 10:45:23,4923.75,4963.75,T,1975.0
2022-06-08 09:48:52,2022-06-08 10:14:25,4982.25,4962.25,S,-1025.0
2022-06-09 09:51:15,2022-06-09 10:11:38,4937.5,4917.5,S,-1025.0
2022-06-13 09:32:32,2022-06-13 09:41:08,4640.0,4620.0,S,-1025.0
2022-06-15 09:50:45,2022-06-15 10:52:29,4616.0,4596.0,S,-1025.0
2022-06-17 09:31:06,2022-06-17 10:20:27,4513.25,4493.25,S,-1025.0
2022-06-20 11:43:32,2022-06-21 09:56:52,4545.75,4585.75,T,1975.0
2022-06-22 09:31:58,2022-06-22 10:21:51,4563.5,4603.5,T,1975.0
2022-06-24 09:41:26,2022-06-24 12:01:24,4675.5,4715.5,T,1975.0
2022-06-28 09:31:57,2022-06-28 10:07:01,4762.25,4742.25,S,-1025.0
2022-06-30 11:26:28,2022-06-30 15:07:16,4617.25,4597.25,S,-1025.0
2022-07-01 09:41:47,2022-07-01 10:11:44,4621.75,4601.75,S,-1025.0
2022-07-05 13:35:12,2022-07-05 15:48:34,4616.0,4656.0,T,1975.0
2022-07-06 14:32:18,2022-07-06 21:30:43,4677.25,4657.25,S,-1025.0
2022-07-07 09:35:59,2022-07-11 09:36:37,4707.0,4687.0,S,-1025.0
2022-07-12 09:35:33,2022-07-12 10:00:02,4691.25,4671.25,S,-1025.0
2022-07-13 09:38:46,2022-07-13 11:06:43,4607.75,4647.75,T,1975.0
2022-07-14 11:41:26,2022-07-14 18:06:46,4589.0,4629.0,T,1975.0
2022-07-15 10:29:00,2022-07-18 03:28:57,4681.5,4721.5,T,1975.0
2022-07-19 10:20:37,2022-07-19 13:53:35,4714.0,4754.0,T,1975.0
2022-07-20 10:31:38,2022-07-21 10:25:59,4778.0,4758.0,S,-1025.0
2022-07-21 11:33:59,2022-07-22 09:39:20,4795.25,4835.25,T,1975.0
2022-07-27 10:15:06,2022-07-27 14:44:10,4797.25,4837.25,T,1975.0
2022-07-28 11:25:18,2022-07-28 16:03:24,4872.0,4912.0,T,1975.0
2022-07-29 09:47:34,2022-08-01 10:51:56,4929.25,4969.25,T,1975.0
2022-08-01 13:22:10,2022-08-01 21:33:18,4945.0,4925.0,S,-1025.0
2022-08-02 10:51:41,2022-08-02 15:18:07,4943.5,4923.5,S,-1025.0
2022-08-03 10:04:13,2022-08-04 06:34:53,4956.25,4996.25,T,1975.0
2022-08-05 09:34:56,2022-08-08 06:34:16,4950.0,4990.0,T,1975.0
2022-08-08 09:41:59,2022-08-08 11:38:42,5003.75,4983.75,S,-1025.0
2022-08-11 10:16:08,2022-08-11 11:06:03,5081.0,5061.0,S,-1025.0
2022-08-12 11:20:13,2022-08-15 11:45:00,5070.5,5110.5,T,1975.0
2022-08-16 11:29:59,2022-08-17 05:48:06,5128.5,5108.5,S,-1025.0
2022-08-17 10:05:32,2022-08-17 10:53:38,5109.25,5089.25,S,-1025.0
2022-08-23 09:51:59,2022-08-23 11:01:47,4976.25,4956.25,S,-1025.0
2022-08-24 11:13:02,2022-08-25 02:18:13,4969.75,5009.75,T,1975.0
2022-08-25 10:00:00,2022-08-25 12:47:03,4999.5,4979.5,S,-1025.0
2022-08-29 09:41:44,2022-08-29 10:43:37,4867.5,4847.5,S,-1025.0
2022-09-01 14:30:12,2022-09-02 08:25:16,4772.0,4812.0,T,1975.0
2022-09-07 09:36:21,2022-09-07 13:42:28,4746.5,4786.5,T,1975.0
2022-09-08 09:48:39,2022-09-08 19:01:07,4796.0,4836.0,T,1975.0
2022-09-09 10:00:10,2022-09-11 18:00:00,4870.0,4910.0,T,1975.0
2022-09-12 09:52:59,2022-09-13 08:04:28,4928.5,4968.5,T,1975.0
2022-09-14 11:12:21,2022-09-14 12:03:26,4787.0,4767.0,S,-1025.0
2022-09-15 09:48:58,2022-09-15 10:50:02,4768.5,4748.5,S,-1025.0
2022-09-16 10:34:55,2022-09-16 10:57:28,4694.75,4674.75,S,-1025.0
2022-09-19 09:38:58,2022-09-19 15:09:40,4675.0,4715.0,T,1975.0
2022-09-21 14:43:52,2022-09-21 14:48:55,4717.0,4697.0,S,-1025.0
2022-09-26 09:35:53,2022-09-26 11:25:46,4513.75,4493.75,S,-1025.0
2022-09-27 09:37:05,2022-09-27 10:00:35,4530.0,4510.0,S,-1025.0
2022-09-28 10:00:42,2022-09-28 10:05:02,4491.25,4471.25,S,-1025.0
2022-09-30 09:56:03,2022-09-30 13:36:38,4466.75,4446.75,S,-1025.0
2022-10-03 10:02:32,2022-10-03 14:06:39,4457.5,4497.5,T,1975.0
2022-10-04 09:38:39,2022-10-04 16:01:24,4572.25,4612.25,T,1975.0
2022-10-05 09:34:58,2022-10-05 10:00:43,4580.25,4560.25,S,-1025.0
2022-10-06 09:38:50,2022-10-06 10:01:34,4602.5,4582.5,S,-1025.0
2022-10-11 11:29:40,2022-10-11 14:55:55,4425.75,4405.75,S,-1025.0
2022-10-12 12:06:47,2022-10-12 12:36:07,4426.0,4406.0,S,-1025.0
2022-10-13 09:49:09,2022-10-13 11:05:40,4335.75,4375.75,T,1975.0
2022-10-14 09:39:35,2022-10-14 09:42:31,4528.75,4508.75,S,-1025.0
2022-10-17 09:34:50,2022-10-17 19:23:59,4484.0,4524.0,T,1975.0
2022-10-19 09:34:09,2022-10-19 09:42:20,4533.75,4513.75,S,-1025.0
2022-10-20 09:51:21,2022-10-20 12:45:14,4522.0,4502.0,S,-1025.0
2022-10-21 09:45:08,2022-10-21 12:00:43,4494.25,4534.25,T,1975.0
2022-10-24 09:37:12,2022-10-24 09:43:02,4601.75,4581.75,S,-1025.0
2022-10-25 09:44:19,2022-10-25 14:33:33,4630.75,4670.75,T,1975.0
2022-10-26 10:00:00,2022-10-26 11:31:14,4660.25,4700.25,T,1975.0
2022-10-27 10:24:48,2022-10-27 10:44:44,4672.5,4652.5,S,-1025.0
2022-10-28 09:32:06,2022-10-28 10:46:50,4639.5,4679.5,T,1975.0
2022-10-31 11:48:18,2022-10-31 12:42:43,4705.5,4685.5,S,-1025.0
2022-11-02 14:00:52,2022-11-02 14:36:45,4689.0,4669.0,S,-1025.0
2022-11-03 10:47:02,2022-11-03 11:32:21,4553.0,4533.0,S,-1025.0
2022-11-04 10:40:54,2022-11-04 10:52:45,4608.75,4588.75,S,-1025.0
2022-11-07 14:17:27,2022-11-08 11:10:08,4616.25,4656.25,T,1975.0
2022-11-10 09:58:53,2022-11-10 15:30:10,4717.5,4757.5,T,1975.0
2022-11-11 10:20:06,2022-11-11 11:10:28,4793.25,4773.25,S,-1025.0
2022-11-14 10:07:19,2022-11-14 15:53:17,4803.0,4783.0,S,-1025.0
2022-11-17 10:24:53,2022-11-18 04:18:03,4738.0,4778.0,T,1975.0
2022-11-22 13:09:45,2022-11-23 10:32:24,4799.25,4839.25,T,1975.0
2022-11-23 13:35:18,2022-11-27 21:07:20,4827.5,4807.5,S,-1025.0
2022-11-28 09:34:14,2022-11-28 10:52:49,4821.5,4801.5,S,-1025.0
2022-11-30 13:30:18,2022-11-30 14:05:10,4785.5,4825.5,T,1975.0
2022-12-02 09:32:58,2022-12-02 15:15:29,4850.25,4890.25,T,1975.0
2022-12-07 09:35:21,2022-12-07 09:52:42,4755.75,4735.75,S,-1025.0
2022-12-08 10:05:24,2022-12-08 14:06:07,4776.5,4756.5,S,-1025.0
2022-12-09 09:44:38,2022-12-09 10:00:08,4777.5,4757.5,S,-1025.0
2022-12-12 12:00:01,2022-12-13 01:38:05,4765.5,4805.5,T,1975.0
2022-12-14 09:46:05,2022-12-14 14:01:55,4840.75,4820.75,S,-1025.0
2022-12-20 10:05:26,2022-12-20 11:28:38,4626.5,4606.5,S,-1025.0
2022-12-21 10:19:43,2022-12-22 08:48:58,4666.0,4646.0,S,-1025.0
2022-12-23 10:17:48,2022-12-26 18:13:49,4627.75,4667.75,T,1975.0
2022-12-28 09:35:10,2022-12-28 10:24:01,4647.0,4627.0,S,-1025.0
2022-12-29 09:40:18,2022-12-30 09:48:58,4624.0,4604.0,S,-1025.0
2023-01-03 09:40:28,2023-01-03 09:46:46,4671.0,4651.0,S,-1025.0
2023-01-04 11:31:28,2023-01-04 14:03:09,4658.25,4638.25,S,-1025.0
2023-01-06 10:35:48,2023-01-06 14:35:26,4651.75,4691.75,T,1975.0
2023-01-09 10:03:22,2023-01-09 13:46:31,4729.0,4709.0,S,-1025.0
2023-01-10 09:34:07,2023-01-10 10:33:08,4697.75,4677.75,S,-1025.0
2023-01-11 13:09:03,2023-01-12 08:25:23,4748.25,4788.25,T,1975.0
2023-01-12 13:02:25,2023-01-12 13:28:42,4788.75,4768.75,S,-1025.0
2023-01-13 09:59:12,2023-01-15 20:48:40,4759.5,4799.5,T,1975.0
2023-01-17 10:03:17,2023-01-17 10:41:31,4807.25,4787.25,S,-1025.0
2023-01-19 14:34:58,2023-01-19 15:53:15,4713.75,4693.75,S,-1025.0
2023-01-20 11:10:51,2023-01-20 15:14:25,4720.25,4760.25,T,1975.0
2023-01-23 09:52:07,2023-01-23 13:32:51,4785.5,4825.5,T,1975.0
2023-01-24 10:55:47,2023-01-24 19:20:37,4808.0,4788.0,S,-1025.0
2023-01-25 11:52:58,2023-01-26 00:03:38,4776.75,4816.75,T,1975.0
2023-01-27 09:48:21,2023-01-30 02:43:27,4853.75,4833.75,S,-1025.0
2023-01-30 09:46:52,2023-01-30 10:40:51,4844.25,4824.25,S,-1025.0
2023-01-31 10:28:28,2023-02-01 14:39:19,4826.75,4866.75,T,1975.0
2023-02-01 14:39:19,2023-02-01 15:07:19,4870.0,4910.0,T,1975.0
2023-02-02 10:40:48,2023-02-02 14:34:56,4963.0,4943.0,S,-1025.0
2023-02-03 09:38:54,2023-02-03 15:00:15,4931.0,4911.0,S,-1025.0
2023-02-07 11:33:16,2023-02-07 12:53:30,4901.25,4941.25,T,1975.0
2023-02-10 10:10:56,2023-02-10 12:15:06,4867.5,4847.5,S,-1025.0
2023-02-13 09:58:20,2023-02-14 08:24:21,4896.75,4936.75,T,1975.0
2023-02-14 09:55:02,2023-02-14 10:38:26,4921.75,4901.75,S,-1025.0
2023-02-15 11:05:53,2023-02-16 08:45:31,4911.25,4891.25,S,-1025.0
2023-02-16 10:19:54,2023-02-16 15:41:07,4894.25,4874.25,S,-1025.0
2023-02-22 14:06:04,2023-02-22 14:14:44,4798.75,4778.75,S,-1025.0
2023-02-24 14:57:31,2023-02-27 10:08:45,4755.25,4795.25,T,1975.0
2023-02-28 12:52:16,2023-02-28 15:31:32,4773.75,4753.75,S,-1025.0
2023-03-02 10:33:44,2023-03-02 15:36:30,4724.0,4764.0,T,1975.0
2023-03-03 10:25:09,2023-03-05 21:40:17,4795.5,4835.5,T,1975.0
2023-03-06 10:14:53,2023-03-06 15:03:10,4846.75,4826.75,S,-1025.0
2023-03-09 09:49:31,2023-03-09 11:07:03,4792.0,4772.0,S,-1025.0
2023-03-10 11:29:59,2023-03-10 11:46:00,4703.25,4683.25,S,-1025.0
2023-03-13 09:48:28,2023-03-13 11:01:25,4614.25,4654.25,T,1975.0
2023-03-14 10:22:07,2023-03-14 13:10:05,4697.5,4677.5,S,-1025.0
2023-03-15 14:23:51,2023-03-16 10:54:30,4648.5,4688.5,T,1975.0
2023-03-20 10:00:17,2023-03-21 06:25:38,4709.5,4749.5,T,1975.0
2023-03-22 14:00:36,2023-03-22 14:35:14,4793.25,4773.25,S,-1025.0
2023-03-23 10:10:05,2023-03-23 13:58:07,4752.0,4732.0,S,-1025.0
2023-03-24 12:00:36,2023-03-26 18:31:45,4719.25,4759.25,T,1975.0
2023-03-31 10:40:43,2023-04-03 09:46:52,4844.75,4884.75,T,1975.0
2023-04-03 09:51:31,2023-04-03 11:10:04,4888.25,4868.25,S,-1025.0
2023-04-06 11:58:44,2023-04-10 09:26:02,4862.25,4842.25,S,-1025.0
2023-04-10 12:38:44,2023-04-12 08:30:22,4861.25,4901.25,T,1975.0
2023-04-13 10:17:27,2023-04-14 09:47:35,4884.5,4924.5,T,1975.0
2023-04-14 10:00:50,2023-04-14 10:18:50,4922.75,4902.75,S,-1025.0
2023-04-19 11:56:17,2023-04-20 03:31:20,4912.75,4892.75,S,-1025.0
2023-04-20 10:33:01,2023-04-20 15:13:39,4900.5,4880.5,S,-1025.0
2023-04-27 10:14:47,2023-04-27 14:57:25,4854.25,4894.25,T,1975.0
2023-04-28 10:03:54,2023-05-01 10:53:55,4899.0,4939.0,T,1975.0
2023-05-01 10:53:55,2023-05-01 16:37:24,4939.0,4919.0,S,-1025.0
2023-05-03 14:00:07,2023-05-03 14:05:26,4899.75,4879.75,S,-1025.0
2023-05-05 10:00:12,2023-05-10 09:13:19,4869.5,4909.5,T,1975.0
2023-05-17 12:44:33,2023-05-18 15:40:00,4899.0,4939.0,T,1975.0
2023-05-22 09:38:38,2023-05-22 10:07:58,4958.75,4938.75,S,-1025.0
2023-05-26 09:40:53,2023-05-28 18:00:00,4920.75,4979.0,T,2887.5
2023-06-01 10:46:08,2023-06-02 04:55:42,4945.5,4985.5,T,1975.0
2023-06-02 09:40:06,2023-06-02 10:01:32,5009.25,4989.25,S,-1025.0
2023-06-06 10:45:32,2023-06-07 13:21:16,5030.0,5010.0,S,-1025.0
2023-06-08 11:28:01,2023-06-12 14:50:22,5028.25,5068.25,T,1975.0
2023-06-12 14:50:22,2023-06-13 09:01:58,5069.0,5109.0,T,1975.0
2023-06-13 09:42:12,2023-06-13 10:16:30,5113.0,5093.0,S,-1025.0
2023-06-14 11:14:47,2023-06-14 13:57:22,5129.5,5109.5,S,-1025.0
2023-06-15 09:46:13,2023-06-15 13:53:20,5118.5,5158.5,T,1975.0
2023-06-22 10:11:53,2023-06-23 08:37:35,5108.25,5088.25,S,-1025.0
2023-06-23 12:17:02,2023-06-23 15:01:32,5096.75,5076.75,S,-1025.0
2023-06-26 09:44:21,2023-06-26 12:05:24,5094.0,5074.0,S,-1025.0
2023-06-27 11:28:24,2023-06-29 08:30:28,5090.25,5130.25,T,1975.0
2023-06-29 11:25:45,2023-06-30 09:05:28,5125.0,5165.0,T,1975.0
2023-06-30 10:10:02,2023-07-06 00:19:28,5178.75,5158.75,S,-1025.0
2023-07-07 09:52:10,2023-07-09 20:22:17,5145.25,5125.25,S,-1025.0
2023-07-10 10:08:10,2023-07-10 12:02:02,5141.75,5121.75,S,-1025.0
2023-07-17 11:38:44,2023-07-18 15:13:12,5247.25,5287.25,T,1975.0
2023-07-24 13:59:55,2023-07-27 08:33:24,5287.0,5327.0,T,1975.0
2023-07-28 11:19:54,2023-07-28 13:42:32,5307.0,5287.0,S,-1025.0
2023-08-03 11:50:55,2023-08-04 14:33:27,5224.5,5204.5,S,-1025.0
2023-08-07 13:59:16,2023-08-08 06:19:31,5228.5,5208.5,S,-1025.0
2023-08-10 09:36:50,2023-08-10 11:45:54,5221.0,5201.0,S,-1025.0
2023-08-11 10:14:58,2023-08-15 10:08:29,5178.5,5158.5,S,-1025.0
2023-08-16 09:47:21,2023-08-16 12:09:23,5159.75,5139.75,S,-1025.0
2023-08-18 09:49:15,2023-08-21 14:44:42,5064.75,5104.75,T,1975.0
2023-08-21 14:44:42,2023-08-23 13:19:43,5105.5,5145.5,T,1975.0
2023-08-25 10:15:30,2023-08-25 10:20:26,5116.0,5096.0,S,-1025.0
2023-08-29 09:58:07,2023-08-29 12:24:15,5153.25,5193.25,T,1975.0
2023-08-30 09:54:30,2023-08-30 10:26:47,5220.25,5200.25,S,-1025.0
2023-09-07 10:44:36,2023-09-11 09:32:49,5148.5,5188.5,T,1975.0
2023-09-12 13:23:55,2023-09-12 14:20:14,5184.75,5164.75,S,-1025.0
2023-09-14 12:50:24,2023-09-15 09:26:33,5203.25,5183.25,S,-1025.0
2023-09-18 11:31:46,2023-09-19 09:14:24,5155.25,5135.25,S,-1025.0
2023-09-22 11:36:26,2023-09-22 13:24:07,5043.5,5023.5,S,-1025.0
2023-09-25 09:59:49,2023-09-26 09:50:08,5009.0,4989.0,S,-1025.0
2023-09-28 10:00:24,2023-09-29 08:27:27,4970.0,5010.0,T,1975.0
2023-10-02 11:21:01,2023-10-02 11:50:32,4980.5,4960.5,S,-1025.0
2023-10-03 09:51:15,2023-10-03 10:02:31,4962.0,4942.0,S,-1025.0
2023-10-04 11:47:36,2023-10-04 14:24:31,4931.25,4911.25,S,-1025.0
2023-10-06 10:30:40,2023-10-06 11:41:03,4927.0,4967.0,T,1975.0
2023-10-09 09:59:23,2023-10-09 10:50:00,4982.75,4962.75,S,-1025.0
2023-10-10 10:11:35,2023-10-12 13:42:26,5037.0,5017.0,S,-1025.0
2023-10-16 10:17:01,2023-10-17 08:57:11,5041.25,5021.25,S,-1025.0
2023-10-17 10:10:51,2023-10-18 10:51:00,5031.25,5011.25,S,-1025.0
2023-10-19 12:21:06,2023-10-19 12:27:01,5009.75,4989.75,S,-1025.0
2023-10-23 10:18:05,2023-10-24 16:01:35,4892.75,4932.75,T,1975.0
2023-10-30 09:45:14,2023-10-30 10:18:27,4826.5,4806.5,S,-1025.0
2023-10-31 13:42:42,2023-11-01 10:44:56,4853.25,4893.25,T,1975.0
2023-11-01 11:13:08,2023-11-02 04:50:18,4882.25,4922.25,T,1975.0
2023-11-02 10:28:11,2023-11-03 08:31:00,4956.0,4996.0,T,1975.0
2023-11-03 09:47:47,2023-11-09 19:33:39,5020.25,5000.25,S,-1025.0
2023-11-10 12:28:45,2023-11-14 08:29:20,5044.5,5084.5,T,1975.0
2023-11-14 09:57:32,2023-11-20 10:05:29,5147.5,5187.5,T,1975.0
2023-11-20 10:32:55,2023-11-22 09:42:01,5185.25,5225.25,T,1975.0
2023-11-28 11:24:30,2023-11-30 11:46:22,5216.25,5196.25,S,-1025.0
2023-12-01 11:13:53,2023-12-04 09:22:47,5230.75,5210.75,S,-1025.0
2023-12-05 10:03:54,2023-12-06 15:23:58,5224.0,5204.0,S,-1025.0
2023-12-07 13:05:06,2023-12-08 08:29:51,5237.75,5217.75,S,-1025.0
2023-12-08 09:59:43,2023-12-12 08:29:55,5245.25,5285.25,T,1975.0
2023-12-12 13:46:37,2023-12-13 14:14:14,5281.25,5321.25,T,1975.0
2023-12-18 12:10:58,2023-12-20 14:53:32,5390.0,5370.0,S,-1025.0
2023-12-26 14:25:16,2023-12-29 11:27:52,5417.25,5397.25,S,-1025.0
2024-01-04 10:08:09,2024-01-04 15:48:23,5349.25,5329.25,S,-1025.0
2024-01-05 10:01:28,2024-01-05 12:31:02,5339.75,5319.75,S,-1025.0
2024-01-08 10:27:01,2024-01-08 14:57:27,5347.5,5387.5,T,1975.0
2024-01-09 11:27:11,2024-01-10 15:06:15,5381.0,5421.0,T,1975.0
2024-01-18 14:24:08,2024-01-19 12:31:32,5394.5,5434.5,T,1975.0
2024-01-26 10:58:01,2024-01-26 12:48:32,5526.5,5506.5,S,-1025.0
2024-02-01 10:28:48,2024-02-01 10:58:32,5491.75,5471.75,S,-1025.0
2024-02-02 10:23:47,2024-02-02 14:12:37,5542.0,5582.0,T,1975.0
2024-02-07 10:27:34,2024-02-12 10:53:24,5605.5,5645.5,T,1975.0
2024-02-12 11:23:12,2024-02-12 14:18:10,5652.25,5632.25,S,-1025.0
2024-02-15 13:10:02,2024-02-16 09:58:44,5628.5,5608.5,S,-1025.0
2024-02-22 10:32:58,2024-02-23 09:31:01,5670.5,5710.5,T,1975.0
2024-03-01 10:45:38,2024-03-05 10:18:19,5714.25,5694.25,S,-1025.0
2024-03-06 12:30:19,2024-03-06 13:33:32,5727.25,5707.25,S,-1025.0
2024-03-07 10:42:06,2024-03-08 12:53:53,5751.25,5731.25,S,-1025.0
2024-03-12 10:27:23,2024-03-14 13:18:00,5751.0,5731.0,S,-1025.0
2024-03-19 12:17:54,2024-03-20 14:05:08,5750.5,5790.5,T,1975.0
2024-03-20 14:08:24,2024-03-20 16:25:50,5786.5,5826.5,T,1975.0
2024-04-03 10:00:25,2024-04-04 09:29:29,5795.5,5835.5,T,1975.0
2024-04-05 09:47:12,2024-04-05 12:10:15,5755.5,5795.5,T,1975.0
2024-04-10 10:32:07,2024-04-10 11:43:25,5745.5,5725.5,S,-1025.0
2024-04-11 13:18:31,2024-04-12 06:50:35,5765.75,5745.75,S,-1025.0
2024-04-18 10:55:27,2024-04-18 12:34:15,5621.0,5601.0,S,-1025.0
2024-04-22 13:23:50,2024-04-23 09:55:05,5575.5,5615.5,T,1975.0
2024-04-23 10:05:10,2024-04-23 22:33:51,5614.5,5654.5,T,1975.0
2024-04-25 12:14:53,2024-04-25 16:00:55,5584.0,5624.0,T,1975.0
2024-04-26 09:51:01,2024-04-30 11:31:43,5657.25,5637.25,S,-1025.0
2024-05-01 14:29:15,2024-05-01 14:31:49,5603.25,5583.25,S,-1025.0
2024-05-06 14:05:51,2024-05-09 13:03:11,5723.0,5763.0,T,1975.0
2024-05-09 13:20:33,2024-05-14 14:40:47,5757.5,5797.5,T,1975.0
2024-05-15 11:06:28,2024-05-22 22:37:32,5840.5,5880.5,T,1975.0
2024-05-24 11:02:48,2024-05-28 14:35:09,5850.0,5830.0,S,-1025.0
2024-05-29 10:37:48,2024-05-29 16:24:23,5827.0,5807.0,S,-1025.0
2024-06-04 14:16:31,2024-06-05 11:38:39,5831.75,5871.75,T,1975.0
2024-06-05 11:38:39,2024-06-07 13:22:58,5872.0,5912.0,T,1975.0
2024-06-07 14:01:25,2024-06-09 18:00:00,5898.75,5878.75,S,-1025.0
2024-06-10 11:30:25,2024-06-11 09:46:15,5891.75,5871.75,S,-1025.0
2024-06-11 14:14:07,2024-06-12 08:24:48,5901.75,5941.75,T,1975.0
2024-06-12 10:13:17,2024-06-12 13:58:36,5974.75,5954.75,S,-1025.0
2024-06-17 11:10:48,2024-06-17 13:50:52,5975.25,6015.25,T,1975.0
2024-06-24 09:58:13,2024-06-24 13:31:18,6011.5,5991.5,S,-1025.0
2024-06-26 11:54:26,2024-06-26 19:41:18,6005.75,5985.75,S,-1025.0
2024-06-27 10:14:24,2024-06-27 11:28:54,6018.75,5998.75,S,-1025.0
2024-06-28 10:01:41,2024-06-28 12:05:48,6036.5,6016.5,S,-1025.0
2024-07-02 09:39:33,2024-07-03 04:23:00,5996.5,6036.5,T,1975.0
2024-07-03 11:12:50,2024-07-05 13:38:24,6044.0,6084.0,T,1975.0
2024-07-10 12:17:54,2024-07-11 08:30:42,6123.0,6163.0,T,1975.0
2024-07-12 09:59:45,2024-07-12 13:40:25,6126.0,6166.0,T,1975.0
2024-07-15 10:53:57,2024-07-15 13:00:49,6170.5,6150.5,S,-1025.0
2024-07-16 11:10:12,2024-07-16 12:16:09,6178.25,6158.25,S,-1025.0
2024-07-17 09:53:37,2024-07-17 10:07:21,6136.25,6116.25,S,-1025.0
2024-07-19 09:40:44,2024-07-19 10:26:00,6068.0,6048.0,S,-1025.0
2024-07-22 13:30:01,2024-07-23 03:57:24,6073.75,6053.75,S,-1025.0
2024-07-23 10:06:39,2024-07-23 10:51:24,6090.0,6070.0,S,-1025.0
2024-07-25 11:11:36,2024-07-25 13:03:07,5954.25,5994.25,T,1975.0
2024-07-26 10:25:48,2024-07-26 10:32:37,5961.5,5941.5,S,-1025.0
2024-07-31 10:17:57,2024-08-01 09:43:10,6023.0,6063.0,T,1975.0
2024-08-01 09:52:29,2024-08-01 10:07:11,6058.25,6038.25,S,-1025.0
2024-08-05 09:33:49,2024-08-05 09:50:05,5640.75,5680.75,T,1975.0
2024-08-06 09:52:20,2024-08-06 10:44:23,5718.5,5758.5,T,1975.0
2024-08-07 09:38:42,2024-08-07 11:44:02,5808.25,5788.25,S,-1025.0
2024-08-08 10:01:01,2024-08-08 13:24:15,5761.5,5801.5,T,1975.0
2024-08-09 10:11:33,2024-08-12 10:59:50,5817.5,5857.5,T,1975.0
2024-08-13 09:45:00,2024-08-13 15:49:40,5884.25,5924.25,T,1975.0
2024-08-14 11:52:50,2024-08-14 12:24:23,5946.75,5926.75,S,-1025.0
2024-08-15 10:47:08,2024-08-18 18:00:00,6015.25,6055.25,T,1975.0
2024-08-19 10:52:17,2024-08-20 09:54:28,6066.25,6106.25,T,1975.0
2024-08-20 09:55:55,2024-08-20 10:25:16,6107.5,6087.5,S,-1025.0
2024-08-21 10:37:08,2024-08-21 10:51:15,6111.75,6091.75,S,-1025.0
2024-08-23 10:00:40,2024-08-23 10:48:21,6108.5,6088.5,S,-1025.0
2024-08-27 10:25:08,2024-08-28 11:02:24,6103.25,6083.25,S,-1025.0
2024-08-29 10:27:09,2024-08-29 14:30:15,6111.25,6091.25,S,-1025.0
2024-09-04 09:40:42,2024-09-04 10:00:29,6006.0,5986.0,S,-1025.0
2024-09-05 10:00:19,2024-09-05 10:48:00,6012.0,5992.0,S,-1025.0
2024-09-06 09:34:38,2024-09-06 09:38:22,5996.5,5976.5,S,-1025.0
2024-09-09 10:10:37,2024-09-09 10:30:17,5942.25,5922.25,S,-1025.0
2024-09-11 13:46:57,2024-09-11 15:54:57,5981.5,6021.5,T,1975.0
2024-09-12 11:12:58,2024-09-12 11:45:00,6042.5,6022.5,S,-1025.0
2024-09-13 09:47:42,2024-09-17 07:47:05,6087.5,6127.5,T,1975.0
2024-09-18 14:00:00,2024-09-18 14:11:58,6127.25,6107.25,S,-1025.0
2024-09-19 13:40:58,2024-09-19 15:51:23,6197.0,6177.0,S,-1025.0
2024-09-30 12:06:25,2024-09-30 14:14:30,6201.25,6181.25,S,-1025.0
2024-10-02 10:48:33,2024-10-03 03:00:25,6168.25,6148.25,S,-1025.0
2024-10-03 10:00:49,2024-10-03 10:22:41,6163.5,6143.5,S,-1025.0
2024-10-08 10:42:49,2024-10-09 11:34:10,6195.75,6235.75,T,1975.0
2024-10-10 12:07:19,2024-10-10 13:09:09,6244.0,6224.0,S,-1025.0
2024-10-11 10:02:07,2024-10-14 09:32:55,6243.0,6283.0,T,1975.0
2024-10-14 09:47:25,2024-10-15 13:59:11,6296.25,6276.25,S,-1025.0
2024-10-16 12:54:12,2024-10-17 08:16:03,6281.0,6321.0,T,1975.0
2024-10-22 12:55:22,2024-10-23 10:04:11,6288.5,6268.5,S,-1025.0
2024-10-25 09:46:03,2024-10-25 13:13:48,6290.75,6270.75,S,-1025.0
2024-10-29 10:23:53,2024-10-30 09:43:01,6272.0,6252.0,S,-1025.0
2024-10-30 10:15:26,2024-10-30 13:34:14,6285.75,6265.75,S,-1025.0
2024-11-01 09:39:53,2024-11-01 15:48:52,6179.25,6159.25,S,-1025.0
2024-11-05 09:37:44,2024-11-05 12:45:10,6173.0,6213.0,T,1975.0
2024-11-06 13:43:35,2024-11-07 10:47:16,6357.5,6397.5,T,1975.0
2024-11-07 11:15:56,2024-11-08 13:36:59,6395.5,6435.5,T,1975.0
2024-11-13 12:11:42,2024-11-13 15:02:06,6435.5,6415.5,S,-1025.0
2024-11-18 10:31:25,2024-11-19 04:26:12,6319.0,6299.0,S,-1025.0
2024-11-19 10:29:14,2024-11-19 13:43:00,6303.75,6343.75,T,1975.0
2024-11-22 09:41:00,2024-11-22 10:28:40,6388.0,6368.0,S,-1025.0
2024-11-29 10:04:41,2024-12-04 03:38:15,6441.25,6481.25,T,1975.0
2024-12-06 09:57:53,2024-12-09 06:22:23,6513.0,6493.0,S,-1025.0
2024-12-11 11:22:59,2024-12-12 10:09:11,6494.0,6474.0,S,-1025.0
2024-12-16 13:01:04,2024-12-17 01:52:49,6492.25,6472.25,S,-1025.0
2024-12-18 10:32:47,2024-12-18 13:58:08,6474.0,6454.0,S,-1025.0
2024-12-19 09:34:17,2024-12-19 09:37:44,6337.25,6317.25,S,-1025.0
2024-12-20 09:38:47,2024-12-20 09:48:30,6257.5,6237.5,S,-1025.0
2024-12-23 11:58:20,2024-12-24 09:40:20,6349.0,6389.0,T,1975.0
2024-12-24 10:02:55,2024-12-26 12:17:02,6398.75,6438.75,T,1975.0
2024-12-26 12:53:24,2024-12-27 02:09:14,6428.75,6408.75,S,-1025.0
2024-12-30 12:01:02,2024-12-30 16:00:38,6307.5,6287.5,S,-1025.0
2025-01-03 09:39:20,2025-01-03 09:50:46,6297.5,6277.5,S,-1025.0
2025-01-06 09:45:24,2025-01-06 13:45:09,6382.0,6362.0,S,-1025.0
2025-01-08 14:27:35,2025-01-08 14:39:50,6304.75,6284.75,S,-1025.0
2025-01-13 09:53:27,2025-01-13 15:55:11,6167.0,6207.0,T,1975.0
2025-01-15 09:48:00,2025-01-15 11:31:19,6313.75,6293.75,S,-1025.0
2025-01-17 11:19:18,2025-01-19 18:00:00,6375.25,6355.25,S,-1025.0
2025-01-21 12:50:13,2025-01-22 09:54:01,6413.25,6453.25,T,1975.0
2025-01-22 11:34:00,2025-01-22 20:49:11,6464.75,6444.75,S,-1025.0
2025-01-23 11:21:53,2025-01-26 18:00:00,6463.5,6435.5,S,-1425.0
2025-01-27 09:30:55,2025-01-27 16:58:47,6351.75,6391.75,T,1975.0
2025-01-28 10:25:39,2025-01-29 13:02:35,6406.75,6386.75,S,-1025.0
2025-01-30 09:48:21,2025-01-30 10:02:55,6438.5,6418.5,S,-1025.0
2025-01-31 10:27:24,2025-01-31 13:26:06,6471.0,6451.0,S,-1025.0
2025-02-03 10:24:17,2025-02-03 10:41:34,6322.75,6362.75,T,1975.0
2025-02-04 09:58:39,2025-02-05 14:06:09,6373.0,6413.0,T,1975.0
2025-02-11 10:28:48,2025-02-12 08:25:55,6414.75,6394.75,S,-1025.0
2025-02-12 09:46:05,2025-02-12 23:00:20,6382.5,6422.5,T,1975.0
2025-02-13 10:18:20,2025-02-13 20:15:55,6431.75,6471.75,T,1975.0
2025-02-19 11:43:09,2025-02-20 09:52:41,6484.25,6464.25,S,-1025.0
2025-02-26 09:51:32,2025-02-26 12:56:42,6336.0,6316.0,S,-1025.0
2025-02-28 10:13:46,2025-02-28 12:43:49,6229.25,6209.25,S,-1025.0
2025-03-04 14:02:05,2025-03-04 15:23:59,6168.75,6208.75,T,1975.0
2025-03-05 09:40:07,2025-03-05 09:54:38,6138.0,6118.0,S,-1025.0
2025-03-06 10:05:01,2025-03-06 11:52:40,6122.5,6102.5,S,-1025.0
2025-03-07 09:34:26,2025-03-07 10:31:25,6075.75,6055.75,S,-1025.0
2025-03-10 09:42:40,2025-03-10 09:52:32,6041.0,6021.0,S,-1025.0
2025-03-11 09:47:28,2025-03-11 09:59:12,5958.75,5938.75,S,-1025.0
2025-03-14 09:36:06,2025-03-14 09:59:50,5920.75,5900.75,S,-1025.0
2025-03-17 09:33:30,2025-03-17 14:11:42,5987.25,6027.25,T,1975.0
2025-03-19 09:53:40,2025-03-19 13:59:36,5983.75,5963.75,S,-1025.0
2025-03-20 09:41:29,2025-03-20 10:16:19,5989.25,6029.25,T,1975.0
2025-03-21 10:55:31,2025-03-21 11:53:33,5961.25,5941.25,S,-1025.0
2025-03-24 09:45:50,2025-03-26 11:56:07,6079.25,6059.25,S,-1025.0
2025-03-27 09:59:22,2025-03-27 12:56:01,6038.75,6018.75,S,-1025.0
2025-03-31 10:08:06,2025-03-31 10:23:09,5861.0,5841.0,S,-1025.0
2025-04-01 10:51:58,2025-04-01 12:16:40,5935.5,5975.5,T,1975.0
2025-04-02 09:32:58,2025-04-02 10:02:16,5910.75,5950.75,T,1975.0
2025-04-03 09:32:03,2025-04-03 09:56:13,5809.0,5789.0,S,-1025.0
2025-04-04 09:30:44,2025-04-04 09:32:12,5591.5,5571.5,S,-1025.0
2025-04-07 09:52:17,2025-04-07 09:59:02,5247.0,5287.0,T,1975.0
2025-04-08 10:02:32,2025-04-08 10:43:36,5570.25,5550.25,S,-1025.0
2025-04-09 09:30:00,2025-04-09 09:39:19,5282.0,5322.0,T,1975.0
2025-04-11 09:30:00,2025-04-11 09:31:32,5578.5,5558.5,S,-1025.0
2025-04-15 09:37:51,2025-04-15 10:19:39,5745.25,5725.25,S,-1025.0
2025-04-16 09:36:15,2025-04-16 09:45:55,5668.5,5648.5,S,-1025.0
2025-04-17 09:52:45,2025-04-17 10:06:53,5618.75,5598.75,S,-1025.0
2025-04-22 09:43:54,2025-04-22 11:11:10,5542.25,5582.25,T,1975.0
2025-04-23 09:37:42,2025-04-23 09:39:02,5756.75,5736.75,S,-1025.0
2025-04-24 09:45:00,2025-04-24 10:27:17,5707.75,5747.75,T,1975.0
2025-04-25 12:23:19,2025-04-28 09:31:08,5808.25,5848.25,T,1975.0
2025-04-28 09:43:24,2025-04-28 09:57:05,5855.25,5835.25,S,-1025.0
2025-04-29 09:44:35,2025-04-29 13:46:14,5827.75,5867.75,T,1975.0
2025-04-30 11:20:41,2025-04-30 13:11:15,5815.0,5795.0,S,-1025.0
2025-05-01 10:27:07,2025-05-01 11:56:02,5941.0,5921.0,S,-1025.0
2025-05-02 10:26:59,2025-05-04 19:12:50,5983.25,5963.25,S,-1025.0
2025-05-05 10:00:44,2025-05-05 21:23:51,5961.25,5941.25,S,-1025.0
2025-05-06 09:38:53,2025-05-06 09:50:52,5914.0,5894.0,S,-1025.0
2025-05-07 10:07:57,2025-05-07 10:53:38,5935.25,5915.25,S,-1025.0
2025-05-08 11:27:52,2025-05-08 15:55:41,5984.75,5964.75,S,-1025.0
2025-05-13 09:56:02,2025-05-15 04:39:22,6170.0,6150.0,S,-1025.0
2025-05-15 10:01:08,2025-05-16 03:26:00,6185.75,6225.75,T,1975.0
2025-05-16 13:12:29,2025-05-16 16:53:18,6240.75,6220.75,S,-1025.0
2025-05-19 09:37:07,2025-05-19 11:40:25,6210.25,6250.25,T,1975.0
2025-05-21 09:47:11,2025-05-21 13:17:57,6211.75,6191.75,S,-1025.0
2025-05-22 09:57:28,2025-05-22 10:37:20,6151.5,6131.5,S,-1025.0
2025-05-23 09:34:08,2025-05-23 13:51:07,6080.75,6120.75,T,1975.0
2025-05-27 10:19:20,2025-05-28 06:50:36,6183.75,6223.75,T,1975.0
2025-06-02 09:32:34,2025-06-02 09:51:36,6195.0,6175.0,S,-1025.0
2025-06-03 10:47:15,2025-06-05 08:49:16,6241.25,6281.25,T,1975.0
2025-06-06 09:40:36,2025-06-06 11:18:51,6298.75,6278.75,S,-1025.0
2025-06-10 12:00:35,2025-06-11 08:29:28,6312.75,6352.75,T,1975.0
2025-06-12 10:06:59,2025-06-12 19:59:38,6310.5,6290.5,S,-1025.0
2025-06-13 09:31:44,2025-06-13 09:56:47,6293.5,6273.5,S,-1025.0
2025-06-16 09:47:52,2025-06-16 19:21:12,6315.0,6295.0,S,-1025.0
2025-06-18 10:06:44,2025-06-18 14:56:07,6288.75,6268.75,S,-1025.0
2025-06-23 09:53:06,2025-06-23 12:24:26,6269.0,6249.0,S,-1025.0
2025-06-24 11:23:29,2025-06-26 10:20:33,6362.5,6402.5,T,1975.0
2025-06-26 10:31:03,2025-06-27 07:40:56,6409.25,6449.25,T,1975.0
2025-06-27 09:55:12,2025-06-27 14:28:57,6449.5,6429.5,S,-1025.0
2025-07-01 10:15:08,2025-07-01 11:08:05,6481.0,6461.0,S,-1025.0
2025-07-02 10:32:30,2025-07-03 09:30:54,6488.75,6528.75,T,1975.0
2025-07-03 09:49:06,2025-07-04 04:03:44,6537.0,6517.0,S,-1025.0
2025-07-09 09:45:03,2025-07-09 10:30:46,6539.25,6519.25,S,-1025.0
2025-07-10 11:39:11,2025-07-10 20:19:05,6551.5,6531.5,S,-1025.0
2025-07-11 10:30:06,2025-07-13 18:00:00,6534.25,6502.75,S,-1600.0
2025-07-14 13:13:03,2025-07-15 15:55:45,6539.5,6519.5,S,-1025.0
2025-07-17 09:48:21,2025-07-21 09:48:20,6548.75,6588.75,T,1975.0
2025-07-21 09:51:40,2025-07-21 23:58:48,6589.25,6569.25,S,-1025.0
2025-07-23 14:10:31,2025-07-25 13:28:20,6616.75,6656.75,T,1975.0
2025-07-30 14:34:46,2025-07-30 14:40:40,6657.25,6637.25,S,-1025.0
2025-08-04 09:35:27,2025-08-04 15:57:12,6547.25,6587.25,T,1975.0
2025-08-06 10:53:07,2025-08-06 21:28:42,6580.0,6620.0,T,1975.0
2025-08-08 09:53:01,2025-08-12 08:40:22,6628.0,6668.0,T,1975.0
2025-08-12 09:38:20,2025-08-12 09:48:05,6667.5,6647.5,S,-1025.0
2025-08-14 10:18:01,2025-08-15 11:42:34,6713.25,6693.25,S,-1025.0
2025-08-21 10:23:16,2025-08-21 11:11:57,6639.0,6619.0,S,-1025.0
2025-08-22 09:42:04,2025-08-22 10:00:52,6651.5,6691.5,T,1975.0
2025-08-26 14:30:06,2025-08-28 03:48:20,6694.5,6734.5,T,1975.0
2025-08-28 14:27:53,2025-08-29 04:47:15,6743.75,6723.75,S,-1025.0
2025-09-02 09:54:24,2025-09-02 10:50:15,6644.25,6624.25,S,-1025.0
2025-09-04 11:17:50,2025-09-04 23:13:03,6710.25,6750.25,T,1975.0
2025-09-11 10:00:56,2025-09-15 09:30:18,6801.75,6841.75,T,1975.0
2025-09-17 14:03:35,2025-09-17 14:12:16,6856.0,6836.0,S,-1025.0
2025-09-18 10:08:49,2025-09-19 02:53:04,6876.0,6856.0,S,-1025.0
2025-09-22 10:22:21,2025-09-24 11:43:55,6893.25,6873.25,S,-1025.0
2025-09-26 09:36:40,2025-09-26 10:20:53,6860.5,6840.5,S,-1025.0
2025-09-30 14:48:02,2025-10-01 01:55:40,6895.0,6875.0,S,-1025.0
2025-10-01 09:36:47,2025-10-01 14:13:45,6895.25,6935.25,T,1975.0
2025-10-03 09:52:49,2025-10-03 13:46:54,6959.5,6939.5,S,-1025.0
2025-10-08 10:09:55,2025-10-09 10:45:13,6960.5,6940.5,S,-1025.0
2025-10-10 09:44:51,2025-10-10 10:16:45,6977.25,6957.25,S,-1025.0
2025-10-13 09:56:15,2025-10-13 10:25:31,6859.0,6839.0,S,-1025.0
2025-10-14 10:20:07,2025-10-14 11:53:03,6824.25,6864.25,T,1975.0
2025-10-15 09:56:50,2025-10-15 11:35:32,6919.75,6899.75,S,-1025.0
2025-10-16 10:42:02,2025-10-16 11:26:05,6919.25,6899.25,S,-1025.0
2025-10-17 09:36:56,2025-10-17 09:41:42,6842.5,6822.5,S,-1025.0
2025-10-20 09:36:26,2025-10-21 12:46:29,6920.75,6960.75,T,1975.0
2025-10-23 09:44:51,2025-10-24 01:36:00,6926.5,6966.5,T,1975.0
2025-10-24 11:19:48,2025-10-26 18:00:00,7009.25,7053.0,T,2162.5
2025-10-27 14:54:12,2025-10-28 14:18:00,7070.25,7110.25,T,1975.0
2025-10-30 09:53:55,2025-10-30 10:23:45,7080.75,7060.75,S,-1025.0
2025-11-04 09:50:52,2025-11-04 12:20:00,6999.0,6979.0,S,-1025.0
2025-11-05 09:52:07,2025-11-05 12:35:38,6987.0,7027.0,T,1975.0
2025-11-07 14:40:51,2025-11-09 18:00:00,6911.0,6960.0,T,2425.0
2025-11-10 09:38:21,2025-11-10 10:51:11,7003.0,6983.0,S,-1025.0
2025-11-11 12:45:57,2025-11-12 04:32:59,7031.5,7071.5,T,1975.0
2025-11-14 09:45:09,2025-11-14 10:39:12,6880.25,6920.25,T,1975.0
2025-11-17 09:34:38,2025-11-17 11:05:33,6923.0,6903.0,S,-1025.0
2025-11-18 09:32:47,2025-11-18 09:42:34,6846.25,6826.25,S,-1025.0
2025-11-19 09:41:06,2025-11-19 10:06:30,6831.75,6871.75,T,1975.0
2025-11-20 09:47:16,2025-11-20 10:59:58,6952.25,6932.25,S,-1025.0
2025-11-21 11:36:06,2025-11-21 12:08:40,6773.25,6813.25,T,1975.0
2025-11-24 09:32:10,2025-11-24 09:49:26,6846.25,6826.25,S,-1025.0
2025-11-25 10:44:21,2025-11-25 12:37:03,6906.25,6946.25,T,1975.0
2025-11-26 09:44:52,2025-11-26 09:58:26,6992.5,6972.5,S,-1025.0
2025-11-28 10:47:24,2025-11-30 19:35:53,7023.75,7003.75,S,-1025.0
2025-12-01 09:47:00,2025-12-03 13:43:47,7001.0,7041.0,T,1975.0
2025-12-05 09:58:33,2025-12-05 11:40:16,7063.0,7043.0,S,-1025.0
2025-12-09 10:02:34,2025-12-09 15:54:10,7039.5,7019.5,S,-1025.0
2025-12-10 12:54:27,2025-12-10 14:59:17,7031.0,7071.0,T,1975.0
2025-12-11 10:27:05,2025-12-11 10:48:58,7056.25,7036.25,S,-1025.0
2025-12-16 09:50:49,2025-12-16 10:15:02,6989.25,6969.25,S,-1025.0
2025-12-18 10:30:33,2025-12-18 12:08:23,6968.25,6948.25,S,-1025.0
2025-12-19 09:34:22,2025-12-21 18:00:00,6975.5,7018.5,T,2125.0
2025-12-23 09:31:11,2025-12-24 10:58:25,7047.75,7087.75,T,1975.0
2025-12-29 09:36:17,2025-12-29 10:06:18,7079.5,7059.5,S,-1025.0
2026-01-05 10:26:35,2026-01-06 03:20:57,7065.5,7045.5,S,-1025.0
2026-01-06 09:49:39,2026-01-07 11:59:57,7075.25,7115.25,T,1975.0
2026-01-07 12:04:55,2026-01-07 14:10:24,7117.25,7097.25,S,-1025.0
2026-01-08 12:46:41,2026-01-08 14:15:24,7082.25,7062.25,S,-1025.0
2026-01-09 09:37:38,2026-01-09 10:06:10,7098.0,7078.0,S,-1025.0
2026-01-12 09:36:04,2026-01-13 08:30:42,7099.75,7139.75,T,1975.0
2026-01-19 11:47:02,2026-01-20 01:05:01,7025.0,7005.0,S,-1025.0
2026-01-20 09:44:25,2026-01-20 10:08:20,6999.25,6979.25,S,-1025.0
2026-01-21 09:50:18,2026-01-21 12:07:58,6982.0,6962.0,S,-1025.0
2026-01-23 10:22:48,2026-01-23 12:58:47,7063.25,7043.25,S,-1025.0
2026-01-26 09:40:34,2026-01-27 11:03:45,7087.5,7127.5,T,1975.0
2026-01-27 12:20:25,2026-01-28 16:01:25,7122.25,7102.25,S,-1025.0
2026-01-30 09:38:56,2026-01-30 09:57:47,7096.0,7076.0,S,-1025.0
2026-02-02 09:34:45,2026-02-02 10:14:31,7072.5,7112.5,T,1975.0
2026-02-05 09:38:38,2026-02-05 09:58:08,6982.25,6962.25,S,-1025.0
2026-02-06 09:32:34,2026-02-06 10:47:00,6985.0,7025.0,T,1975.0
2026-02-09 09:39:01,2026-02-09 11:42:55,7063.25,7103.25,T,1975.0
2026-02-13 10:29:26,2026-02-13 10:44:56,6982.25,6962.25,S,-1025.0
2026-02-17 09:35:00,2026-02-17 09:47:15,6962.75,6942.75,S,-1025.0
2026-02-18 09:55:25,2026-02-19 05:03:27,7003.25,6983.25,S,-1025.0
2026-02-19 09:55:30,2026-02-19 11:43:52,7000.75,6980.75,S,-1025.0
2026-02-20 09:35:18,2026-02-20 10:01:11,6980.75,7020.75,T,1975.0
2026-02-23 09:32:08,2026-02-23 09:41:51,7038.75,7018.75,S,-1025.0
2026-02-24 09:40:55,2026-02-24 12:11:12,6976.25,7016.25,T,1975.0
2026-02-25 09:48:02,2026-02-26 10:01:18,7058.0,7038.0,S,-1025.0
2026-02-27 10:06:38,2026-03-01 18:00:00,6985.5,6932.25,S,-2687.5
2026-03-02 09:32:12,2026-03-02 10:07:19,6943.5,6983.5,T,1975.0
2026-03-03 09:37:24,2026-03-03 09:41:09,6900.75,6880.75,S,-1025.0
2026-03-04 10:08:26,2026-03-04 19:10:46,6966.5,7006.5,T,1975.0
2026-03-05 09:32:56,2026-03-05 10:22:13,6970.25,6950.25,S,-1025.0
2026-03-06 10:30:51,2026-03-06 10:50:32,6880.0,6860.0,S,-1025.0
2026-03-09 10:51:49,2026-03-09 12:44:10,6810.5,6850.5,T,1975.0
2026-03-10 10:35:49,2026-03-10 13:27:54,6923.5,6963.5,T,1975.0
2026-03-11 10:00:35,2026-03-11 10:12:11,6920.75,6900.75,S,-1025.0
2026-03-13 09:41:18,2026-03-13 10:10:11,6835.5,6815.5,S,-1025.0
2026-03-16 09:44:11,2026-03-16 10:38:49,6829.5,6809.5,S,-1025.0
2026-03-17 09:40:44,2026-03-17 10:16:41,6866.0,6846.0,S,-1025.0
2026-03-19 09:50:14,2026-03-19 10:25:14,6709.25,6689.25,S,-1025.0
2026-03-23 09:51:13,2026-03-23 11:52:08,6737.25,6717.25,S,-1025.0
2026-03-24 10:07:21,2026-03-24 16:20:53,6672.75,6712.75,T,1975.0
2026-03-25 09:36:13,2026-03-25 09:45:03,6745.0,6725.0,S,-1025.0
2026-03-26 09:47:19,2026-03-26 10:51:58,6674.25,6654.25,S,-1025.0
2026-03-31 09:45:56,2026-03-31 10:51:33,6537.5,6517.5,S,-1025.0
2026-04-01 09:37:03,2026-04-01 09:43:04,6686.25,6666.25,S,-1025.0
2026-04-02 09:53:00,2026-04-02 10:33:35,6609.25,6649.25,T,1975.0
2026-04-06 09:34:21,2026-04-06 21:38:50,6699.5,6679.5,S,-1025.0
2026-04-09 11:31:20,2026-04-09 13:16:12,6894.75,6934.75,T,1975.0
2026-04-13 09:49:36,2026-04-13 12:50:48,6912.25,6952.25,T,1975.0
2026-04-14 09:37:30,2026-04-14 11:42:16,7015.75,7055.75,T,1975.0
2026-04-15 10:24:30,2026-04-15 18:58:07,7092.0,7132.0,T,1975.0
2026-04-16 12:08:40,2026-04-16 12:33:43,7149.0,7129.0,S,-1025.0
2026-04-17 09:51:33,2026-04-17 12:01:56,7199.5,7239.5,T,1975.0
2026-04-22 10:21:33,2026-04-22 20:05:31,7227.75,7207.75,S,-1025.0
2026-04-23 09:48:06,2026-04-23 13:04:34,7230.25,7210.25,S,-1025.0
2026-04-24 11:44:26,2026-04-27 20:08:06,7244.75,7284.75,T,1975.0
2026-04-30 13:30:10,2026-04-30 18:01:05,7281.0,7321.0,T,1975.0
2026-05-01 09:54:15,2026-05-01 14:44:32,7342.0,7322.0,S,-1025.0
2026-05-04 10:21:37,2026-05-04 11:18:49,7328.0,7308.0,S,-1025.0
2026-05-05 10:24:24,2026-05-06 04:50:27,7347.25,7387.25,T,1975.0
2026-05-06 09:56:28,2026-05-06 15:06:53,7409.0,7449.0,T,1975.0
2026-05-08 09:58:24,2026-05-10 18:04:23,7477.75,7457.75,S,-1025.0
2026-05-11 09:40:32,2026-05-12 02:57:08,7487.5,7467.5,S,-1025.0
2026-05-13 11:38:48,2026-05-13 20:12:55,7506.75,7546.75,T,1975.0
2026-05-14 09:37:57,2026-05-14 11:57:58,7560.25,7600.25,T,1975.0
2026-05-19 13:02:43,2026-05-19 14:54:15,7468.25,7448.25,S,-1025.0
2026-05-20 10:16:19,2026-05-20 11:15:41,7474.5,7514.5,T,1975.0
2026-05-21 10:01:08,2026-05-21 10:15:55,7503.0,7483.0,S,-1025.0
2026-05-22 09:44:22,2026-05-22 10:01:52,7575.75,7555.75,S,-1025.0
2026-05-26 10:18:30,2026-05-26 11:29:31,7613.75,7593.75,S,-1025.0
2026-05-28 10:12:53,2026-05-29 09:36:17,7619.5,7659.5,T,1975.0
2026-05-29 09:44:20,2026-05-29 10:39:36,7669.25,7649.25,S,-1025.0
2026-06-01 11:30:26,2026-06-01 21:18:03,7661.0,7641.0,S,-1025.0
2026-06-02 10:33:57,2026-06-03 09:44:43,7675.75,7655.75,S,-1025.0
2026-06-04 09:57:38,2026-06-04 13:52:48,7626.0,7666.0,T,1975.0
2026-06-08 10:58:44,2026-06-08 11:29:54,7535.5,7515.5,S,-1025.0
2026-06-09 09:42:23,2026-06-09 10:10:08,7536.25,7516.25,S,-1025.0
2026-06-10 09:42:38,2026-06-10 10:55:36,7438.75,7418.75,S,-1025.0
2026-06-11 09:51:15,2026-06-11 10:10:54,7385.75,7365.75,S,-1025.0
2026-06-12 10:57:51,2026-06-12 11:47:48,7501.0,7481.0,S,-1025.0
2026-06-15 09:36:00,2026-06-16 15:09:26,7615.25,7595.25,S,-1025.0
2026-06-22 09:30:45,2026-06-22 10:27:05,7589.0,7569.0,S,-1025.0
2026-06-23 09:45:06,2026-06-23 10:09:31,7445.25,7485.25,T,1975.0
2026-06-24 09:33:22,2026-06-24 09:41:50,7464.5,7444.5,S,-1025.0
2026-06-26 09:56:28,2026-06-26 11:28:43,7399.75,7439.75,T,1975.0
2026-06-29 09:33:28,2026-06-29 09:58:28,7476.25,7456.25,S,-1025.0
2026-06-30 09:51:43,2026-06-30 13:01:04,7519.0,7559.0,T,1975.0
2026-07-01 10:10:46,2026-07-01 16:01:56,7550.0,7530.0,S,-1025.0
2026-07-02 09:36:28,2026-07-02 10:41:46,7571.5,7551.5,S,-1025.0
2026-07-06 10:31:33,2026-07-07 10:03:31,7580.0,7560.0,S,-1025.0
2026-07-08 09:40:08,2026-07-08 10:15:27,7522.25,7502.25,S,-1025.0
2026-07-09 09:52:10,2026-07-09 10:14:24,7563.25,7543.25,S,-1025.0
2026-07-10 12:12:43,2026-07-12 21:56:40,7608.0,7588.0,S,-1025.0
2026-07-14 10:34:03,2026-07-14 10:43:59,7600.75,7580.75,S,-1025.0
2026-07-16 10:31:40,2026-07-16 12:05:41,7612.75,7592.75,S,-1025.0
