vm,lb,start,side,cost,trades,ALL,PRE,IS,OOS,ann%,DD%
1.0,14,10:00,L/S,0.0,2688,0.88,0.98,1.05,0.39,3.78,-8.4
1.0,14,10:00,L/S,0.25,2688,0.6,0.57,0.88,0.25,2.58,-9.6
1.0,14,10:00,L/S,0.5,2688,0.32,0.16,0.71,0.1,1.37,-14.5
1.0,14,10:00,L/S,1.0,2688,-0.24,-0.65,0.37,-0.18,-1.04,-38.7
1.0,14,10:00,L,0.0,1367,0.57,0.71,0.51,0.38,1.51,-5.4
1.0,14,10:00,L,0.25,1367,0.34,0.38,0.34,0.28,0.9,-7.7
1.0,14,10:00,L,0.5,1367,0.11,0.04,0.18,0.18,0.29,-13.4
1.0,14,10:00,L,1.0,1367,-0.35,-0.61,-0.15,-0.02,-0.93,-27.2
1.0,14,10:30,L/S,0.0,2409,0.84,0.94,0.94,0.43,3.43,-7.9
1.0,14,10:30,L/S,0.25,2409,0.57,0.56,0.78,0.3,2.35,-9.0
1.0,14,10:30,L/S,0.5,2409,0.31,0.18,0.62,0.16,1.27,-12.5
1.0,14,10:30,L/S,1.0,2409,-0.22,-0.58,0.3,-0.11,-0.89,-35.6
1.0,14,10:30,L,0.0,1220,0.54,0.68,0.39,0.43,1.34,-5.8
1.0,14,10:30,L,0.25,1220,0.32,0.37,0.22,0.33,0.8,-6.9
1.0,14,10:30,L,0.5,1220,0.1,0.06,0.06,0.24,0.25,-11.3
1.0,14,10:30,L,1.0,1220,-0.33,-0.56,-0.26,0.06,-0.84,-24.2
1.0,30,10:00,L/S,0.0,1339,0.38,0.34,0.58,0.28,1.3,-6.4
1.0,30,10:00,L/S,0.25,1339,0.2,0.04,0.47,0.22,0.7,-9.3
1.0,30,10:00,L/S,0.5,1339,0.03,-0.26,0.35,0.16,0.09,-17.0
1.0,30,10:00,L/S,1.0,1339,-0.32,-0.85,0.13,0.03,-1.12,-30.9
1.0,30,10:00,L,0.0,688,0.28,0.13,0.44,0.43,0.72,-3.2
1.0,30,10:00,L,0.25,688,0.16,-0.11,0.33,0.4,0.41,-5.4
1.0,30,10:00,L,0.5,688,0.04,-0.35,0.22,0.37,0.09,-9.6
1.0,30,10:00,L,1.0,688,-0.21,-0.81,-0.01,0.3,-0.53,-18.0
1.0,30,10:30,L/S,0.0,1192,0.4,0.41,0.61,0.24,1.32,-7.0
1.0,30,10:30,L/S,0.25,1192,0.23,0.12,0.5,0.19,0.77,-9.0
1.0,30,10:30,L/S,0.5,1192,0.07,-0.16,0.39,0.13,0.23,-15.1
1.0,30,10:30,L/S,1.0,1192,-0.26,-0.71,0.18,0.02,-0.86,-27.8
1.0,30,10:30,L,0.0,606,0.3,0.21,0.45,0.42,0.75,-3.0
1.0,30,10:30,L,0.25,606,0.19,-0.02,0.33,0.39,0.47,-4.1
1.0,30,10:30,L,0.5,606,0.08,-0.24,0.22,0.36,0.19,-8.1
1.0,30,10:30,L,1.0,606,-0.15,-0.68,-0.0,0.31,-0.36,-15.6
1.25,14,10:00,L/S,0.0,2100,0.8,1.15,0.66,0.27,2.98,-9.5
1.25,14,10:00,L/S,0.25,2100,0.55,0.75,0.52,0.14,2.04,-9.8
1.25,14,10:00,L/S,0.5,2100,0.29,0.36,0.38,0.0,1.1,-11.3
1.25,14,10:00,L/S,1.0,2100,-0.21,-0.41,0.09,-0.26,-0.79,-29.3
1.25,14,10:00,L,0.0,1036,0.51,0.84,0.28,0.26,1.13,-5.6
1.25,14,10:00,L,0.25,1036,0.3,0.5,0.15,0.17,0.67,-6.5
1.25,14,10:00,L,0.5,1036,0.09,0.16,0.02,0.07,0.21,-8.4
1.25,14,10:00,L,1.0,1036,-0.32,-0.51,-0.24,-0.11,-0.71,-19.4
1.25,14,10:30,L/S,0.0,1900,0.71,1.03,0.53,0.32,2.51,-10.9
1.25,14,10:30,L/S,0.25,1900,0.47,0.65,0.39,0.2,1.66,-11.6
1.25,14,10:30,L/S,0.5,1900,0.23,0.28,0.26,0.07,0.8,-12.7
1.25,14,10:30,L/S,1.0,1900,-0.25,-0.46,-0.01,-0.18,-0.9,-31.4
1.25,14,10:30,L,0.0,937,0.42,0.73,0.06,0.35,0.86,-7.6
1.25,14,10:30,L,0.25,937,0.21,0.4,-0.07,0.26,0.44,-8.4
1.25,14,10:30,L,0.5,937,0.01,0.07,-0.19,0.18,0.03,-10.5
1.25,14,10:30,L,1.0,937,-0.38,-0.59,-0.44,0.01,-0.81,-20.9
1.25,30,10:00,L/S,0.0,1038,0.26,0.17,0.57,0.02,0.69,-5.4
1.25,30,10:00,L/S,0.25,1038,0.09,-0.09,0.47,-0.06,0.23,-9.2
1.25,30,10:00,L/S,0.5,1038,-0.09,-0.35,0.37,-0.14,-0.24,-14.2
1.25,30,10:00,L/S,1.0,1038,-0.43,-0.87,0.17,-0.3,-1.17,-25.4
1.25,30,10:00,L,0.0,516,0.16,0.02,0.46,0.13,0.27,-3.4
1.25,30,10:00,L,0.25,516,0.02,-0.22,0.36,0.08,0.04,-5.6
1.25,30,10:00,L,0.5,516,-0.12,-0.45,0.27,0.03,-0.2,-8.0
1.25,30,10:00,L,1.0,516,-0.39,-0.89,0.08,-0.07,-0.66,-14.1
1.25,30,10:30,L/S,0.0,936,0.23,0.13,0.61,-0.04,0.58,-6.2
1.25,30,10:30,L/S,0.25,936,0.06,-0.12,0.51,-0.11,0.16,-11.0
1.25,30,10:30,L/S,0.5,936,-0.1,-0.37,0.41,-0.19,-0.26,-15.7
1.25,30,10:30,L/S,1.0,936,-0.42,-0.85,0.22,-0.33,-1.1,-25.2
1.25,30,10:30,L,0.0,465,0.11,-0.04,0.39,0.13,0.18,-3.6
1.25,30,10:30,L,0.25,465,-0.02,-0.26,0.29,0.09,-0.03,-5.6
1.25,30,10:30,L,0.5,465,-0.15,-0.48,0.19,0.05,-0.24,-8.4
1.25,30,10:30,L,1.0,465,-0.41,-0.89,0.0,-0.04,-0.67,-14.1
1.5,14,10:00,L/S,0.0,1643,0.67,0.88,0.65,0.28,2.23,-9.5
1.5,14,10:00,L/S,0.25,1643,0.45,0.53,0.52,0.18,1.5,-9.9
1.5,14,10:00,L/S,0.5,1643,0.23,0.18,0.39,0.07,0.76,-10.5
1.5,14,10:00,L/S,1.0,1643,-0.21,-0.51,0.14,-0.13,-0.72,-25.2
1.5,14,10:00,L,0.0,791,0.3,0.41,0.13,0.31,0.56,-5.5
1.5,14,10:00,L,0.25,791,0.11,0.11,0.0,0.23,0.2,-6.5
1.5,14,10:00,L,0.5,791,-0.08,-0.19,-0.12,0.16,-0.15,-11.2
1.5,14,10:00,L,1.0,791,-0.45,-0.78,-0.37,0.01,-0.86,-20.1
1.5,14,10:30,L/S,0.0,1488,0.62,0.82,0.58,0.34,1.99,-9.8
1.5,14,10:30,L/S,0.25,1488,0.41,0.47,0.46,0.24,1.32,-10.3
1.5,14,10:30,L/S,0.5,1488,0.2,0.13,0.34,0.14,0.65,-11.1
1.5,14,10:30,L/S,1.0,1488,-0.21,-0.54,0.11,-0.05,-0.69,-25.4
1.5,14,10:30,L,0.0,718,0.26,0.34,0.02,0.41,0.46,-6.2
1.5,14,10:30,L,0.25,718,0.08,0.03,-0.1,0.35,0.14,-7.3
1.5,14,10:30,L,0.5,718,-0.1,-0.28,-0.21,0.28,-0.18,-11.7
1.5,14,10:30,L,1.0,718,-0.46,-0.86,-0.44,0.15,-0.83,-19.8
1.5,30,10:00,L/S,0.0,782,0.31,0.08,0.69,0.23,0.71,-5.4
1.5,30,10:00,L/S,0.25,782,0.15,-0.18,0.61,0.17,0.35,-7.6
1.5,30,10:00,L/S,0.5,782,0.0,-0.44,0.52,0.1,0.0,-11.2
1.5,30,10:00,L/S,1.0,782,-0.3,-0.94,0.36,-0.02,-0.71,-20.5
1.5,30,10:00,L,0.0,378,0.18,-0.17,0.58,0.31,0.25,-4.5
1.5,30,10:00,L,0.25,378,0.06,-0.4,0.5,0.27,0.08,-6.3
1.5,30,10:00,L,0.5,378,-0.06,-0.62,0.42,0.23,-0.09,-8.1
1.5,30,10:00,L,1.0,378,-0.3,-1.03,0.26,0.16,-0.43,-11.7
1.5,30,10:30,L/S,0.0,690,0.29,0.05,0.74,0.18,0.65,-6.0
1.5,30,10:30,L/S,0.25,690,0.15,-0.19,0.67,0.12,0.33,-7.9
1.5,30,10:30,L/S,0.5,690,0.01,-0.43,0.59,0.07,0.02,-11.5
1.5,30,10:30,L/S,1.0,690,-0.27,-0.89,0.43,-0.05,-0.61,-19.7
1.5,30,10:30,L,0.0,331,0.17,-0.23,0.61,0.35,0.23,-4.8
1.5,30,10:30,L,0.25,331,0.06,-0.44,0.53,0.32,0.08,-6.4
1.5,30,10:30,L,0.5,331,-0.05,-0.65,0.45,0.29,-0.07,-8.0
1.5,30,10:30,L,1.0,331,-0.27,-1.02,0.29,0.23,-0.38,-11.2
2.0,14,10:00,L/S,0.0,1008,0.28,0.58,0.07,0.05,0.67,-10.4
2.0,14,10:00,L/S,0.25,1008,0.1,0.29,-0.05,-0.03,0.23,-12.2
2.0,14,10:00,L/S,0.5,1008,-0.09,-0.01,-0.17,-0.11,-0.21,-14.0
2.0,14,10:00,L/S,1.0,1008,-0.45,-0.6,-0.42,-0.26,-1.09,-23.0
2.0,14,10:00,L,0.0,450,-0.0,0.42,-0.51,-0.05,-0.0,-7.0
2.0,14,10:00,L,0.25,450,-0.14,0.16,-0.63,-0.1,-0.19,-8.3
2.0,14,10:00,L,0.5,450,-0.27,-0.1,-0.74,-0.15,-0.37,-10.3
2.0,14,10:00,L,1.0,450,-0.54,-0.6,-0.96,-0.25,-0.75,-15.7
2.0,14,10:30,L/S,0.0,909,0.26,0.5,0.09,0.11,0.6,-11.7
2.0,14,10:30,L/S,0.25,909,0.09,0.2,-0.02,0.05,0.21,-13.2
2.0,14,10:30,L/S,0.5,909,-0.08,-0.09,-0.13,-0.02,-0.19,-14.8
2.0,14,10:30,L/S,1.0,909,-0.42,-0.66,-0.35,-0.16,-0.99,-23.0
2.0,14,10:30,L,0.0,402,-0.03,0.32,-0.62,0.03,-0.05,-7.7
2.0,14,10:30,L,0.25,402,-0.16,0.05,-0.73,-0.01,-0.21,-8.9
2.0,14,10:30,L,0.5,402,-0.29,-0.22,-0.83,-0.06,-0.38,-10.4
2.0,14,10:30,L,1.0,402,-0.53,-0.73,-1.04,-0.15,-0.72,-15.6
2.0,30,10:00,L/S,0.0,464,0.29,-0.02,0.49,0.54,0.54,-4.0
2.0,30,10:00,L/S,0.25,464,0.18,-0.21,0.41,0.5,0.34,-5.1
2.0,30,10:00,L/S,0.5,464,0.07,-0.39,0.34,0.47,0.13,-6.9
2.0,30,10:00,L/S,1.0,464,-0.14,-0.75,0.18,0.4,-0.28,-12.9
2.0,30,10:00,L,0.0,216,0.14,0.06,-0.25,0.5,0.16,-2.7
2.0,30,10:00,L,0.25,216,0.06,-0.12,-0.35,0.49,0.07,-3.0
2.0,30,10:00,L,0.5,216,-0.02,-0.29,-0.43,0.47,-0.02,-4.4
2.0,30,10:00,L,1.0,216,-0.18,-0.61,-0.6,0.43,-0.2,-7.2
2.0,30,10:30,L/S,0.0,411,0.29,-0.02,0.52,0.5,0.52,-4.1
2.0,30,10:30,L/S,0.25,411,0.18,-0.19,0.45,0.47,0.34,-5.2
2.0,30,10:30,L/S,0.5,411,0.08,-0.36,0.37,0.44,0.15,-7.2
2.0,30,10:30,L/S,1.0,411,-0.11,-0.68,0.22,0.38,-0.21,-12.6
2.0,30,10:30,L,0.0,189,0.14,0.02,-0.28,0.5,0.15,-2.6
2.0,30,10:30,L,0.25,189,0.06,-0.14,-0.37,0.48,0.07,-3.0
2.0,30,10:30,L,0.5,189,-0.01,-0.31,-0.47,0.47,-0.01,-4.2
2.0,30,10:30,L,1.0,189,-0.16,-0.61,-0.65,0.44,-0.17,-6.8
