sl_points,tp_points,rrr,trades,wins,losses,open,win_rate,total_r,expectancy_r,expectancy_points_per_trade
3,2.25,0.75,36604,21012,15592,0,0.5740356245219101,167.0,0.004562342913342804,0.01368702874002841
3,3.0,1.0,36604,18646,17958,0,0.5093978800131134,688.0,0.01879576002622664,0.05638728007867992
3,3.75,1.25,36604,16845,19758,1,0.4602081796574051,1298.25,0.035468404229161546,0.10640521268748464
3,4.5,1.5,36604,15363,21240,1,0.41971969510695845,1804.5,0.049299237767396115,0.14789771330218834
3,6.0,2.0,36604,13075,23519,10,0.3572990107667924,2631.0,0.07189703230037711,0.21569109690113134
3,7.5,2.5,36604,11381,25190,33,0.31120286565858196,3262.5,0.08921002980503678,0.26763008941511035
3,9.0,3.0,36604,9974,26538,92,0.27317046450482035,3384.0,0.09268185801928133,0.278045574057844
5,3.75,0.75,36604,21117,15482,5,0.5769829776769857,355.75,0.009720210934724992,0.04860105467362496
5,5.0,1.0,36604,18665,17925,14,0.5101120524733533,740.0,0.02022410494670675,0.10112052473353375
5,6.25,1.25,36604,16773,19773,58,0.45895583648005256,1193.25,0.03265063208011821,0.16325316040059104
5,7.5,1.5,36604,15221,21270,113,0.41711654928612535,1561.5,0.042791373215313365,0.21395686607656683
5,10.0,2.0,36604,12630,23644,330,0.3481832717649005,1616.0,0.044549815294701436,0.22274907647350717
5,12.5,2.5,36604,10666,25243,695,0.2970286000724052,1422.0,0.03960010025341836,0.19800050126709182
5,15.0,3.0,36604,9185,26352,1067,0.2584630103835439,1203.0,0.03385204153417565,0.16926020767087824
8,6.0,0.75,36604,20990,15415,199,0.57656915258893,327.5,0.00899601703062766,0.07196813624502128
8,8.0,1.0,36604,18400,17749,455,0.5090043984619215,651.0,0.018008796923842982,0.14407037539074385
8,10.0,1.25,36604,16183,19586,835,0.4524308758981241,642.75,0.017969470770779167,0.14375576616623334
8,12.0,1.5,36604,14263,20972,1369,0.4047963672484745,422.5,0.011990918121186321,0.09592734496949057
8,16.0,2.0,36604,11390,22865,2349,0.3325062034739454,-85.0,-0.0024813895781637717,-0.019851116625310174
8,20.0,2.5,36604,9247,24053,3304,0.2776876876876877,-935.5,-0.028093093093093092,-0.22474474474474473
8,24.0,3.0,36604,7701,24845,4058,0.23661893934738523,-1742.0,-0.053524242610459044,-0.42819394088367235
10,7.5,0.75,36604,20743,15224,637,0.5767231072927962,333.25,0.009265437762393304,0.09265437762393304
10,10.0,1.0,36604,17834,17474,1296,0.5050979947887164,360.0,0.010195989577432877,0.10195989577432876
10,12.5,1.25,36604,15386,19129,2089,0.4457771983195712,103.5,0.002998696219035202,0.02998696219035202
10,15.0,1.5,36604,13481,20320,2803,0.3988343540131949,-98.5,-0.0029141149670128103,-0.029141149670128104
10,20.0,2.0,36604,10459,21882,4263,0.32339754491203115,-964.0,-0.029807365263906496,-0.29807365263906493
10,25.0,2.5,36604,8290,22924,5390,0.26558595502018323,-2199.0,-0.07044915742935862,-0.7044915742935862
10,30.0,3.0,36604,6611,23565,6428,0.21908138918345704,-3732.0,-0.12367444326617179,-1.2367444326617179
12,9.0,0.75,36604,20259,14908,1437,0.5760798475843831,286.25,0.008139733272670402,0.09767679927204481
12,12.0,1.0,36604,17034,17012,2558,0.500323092286906,22.0,0.0006461845738119016,0.007754214885742819
12,15.0,1.25,36604,14613,18427,3564,0.4422820823244552,-160.75,-0.004865314769975787,-0.058383777239709445
12,18.0,1.5,36604,12569,19432,4603,0.39276897596950094,-578.5,-0.01807756007624762,-0.21693072091497143
12,24.0,2.0,36604,9566,20822,6216,0.31479531393971305,-1690.0,-0.05561405818086087,-0.6673686981703304
12,30.0,2.5,36604,7307,21671,7626,0.25215680861343087,-3403.5,-0.11745116985299192,-1.409414038235903
12,36.0,3.0,36604,5802,22188,8614,0.20728831725616292,-4782.0,-0.17084673097534833,-2.05016077170418
15,11.25,0.75,36604,19274,14246,3084,0.575,209.5,0.00625,0.09375
15,15.0,1.0,36604,15915,16052,4637,0.49785716520161416,-137.0,-0.004285669596771671,-0.06428504395157507
15,18.75,1.25,36604,13294,17196,6114,0.4360118071498852,-578.5,-0.01897343391275828,-0.2846015086913742
15,22.5,1.5,36604,11248,18066,7290,0.3837074435423347,-1194.0,-0.0407313911441632,-0.610970867162448
15,30.0,2.0,36604,8175,19184,9245,0.29880478087649404,-2834.0,-0.10358565737051793,-1.553784860557769
15,37.5,2.5,36604,6154,19881,10569,0.23637411177261378,-4496.0,-0.17269060879585174,-2.590359131937776
15,45.0,3.0,36604,4795,20376,11433,0.19049700051646737,-5991.0,-0.23801199793413055,-3.570179969011958
20,15.0,0.75,36604,17498,12771,6335,0.5780831874194721,352.5,0.011645577984076118,0.23291155968152236
20,20.0,1.0,36604,14010,13988,8606,0.5003928852060862,22.0,0.000785770412172298,0.01571540824344596
20,25.0,1.25,36604,11393,14875,10336,0.4337216384955078,-633.75,-0.024126313385107356,-0.4825262677021471
20,30.0,1.5,36604,9309,15542,11753,0.3745925717274959,-1578.5,-0.06351857068126031,-1.2703714136252062
20,40.0,2.0,36604,6537,16458,13609,0.2842791911285062,-3384.0,-0.1471624266144814,-2.943248532289628
20,50.0,2.5,36604,4843,17009,14752,0.22162731100128136,-4901.5,-0.22430441149551528,-4.4860882299103055
20,60.0,3.0,36604,3677,17336,15591,0.17498691286346546,-6305.0,-0.3000523485461381,-6.001046970922762
25,18.75,0.75,36604,15792,11020,9792,0.5889900044756079,824.0,0.03073250783231389,0.7683126958078472
25,25.0,1.0,36604,12297,12091,12216,0.5042233885517468,206.0,0.008446777103493522,0.21116942758733803
25,31.25,1.25,36604,9673,12849,14082,0.4294911641950093,-757.75,-0.033644880561229024,-0.8411220140307256
25,37.5,1.5,36604,7810,13409,15385,0.368066355624676,-1694.0,-0.07983411093831,-1.99585277345775
25,50.0,2.0,36604,5398,14146,17060,0.27619729840360213,-3350.0,-0.1714081047891936,-4.28520261972984
25,62.5,2.5,36604,3847,14523,18234,0.20941752857920523,-4905.5,-0.2670386499727817,-6.675966249319543
25,75.0,3.0,36604,2847,14733,19024,0.16194539249146758,-6192.0,-0.35221843003412967,-8.805460750853241
30,22.5,0.75,36604,14249,9567,12788,0.5982952636882768,1119.75,0.04701671145448438,1.4105013436345315
30,30.0,1.0,36604,10701,10508,15395,0.5045499552076949,193.0,0.009099910415389692,0.2729973124616908
30,37.5,1.25,36604,8318,11162,17124,0.42700205338809033,-764.5,-0.039245379876796715,-1.1773613963039016
30,45.0,1.5,36604,6642,11634,18328,0.3634274458305975,-1671.0,-0.09143138542350623,-2.742941562705187
30,60.0,2.0,36604,4465,12166,19973,0.2684745355059828,-3236.0,-0.19457639348205158,-5.837291804461548
30,75.0,2.5,36604,3107,12423,21074,0.20006439150032196,-4655.5,-0.29977462974887314,-8.993238892466195
30,90.0,3.0,36604,2220,12548,21836,0.15032502708559048,-5888.0,-0.39869989165763814,-11.960996749729144
