logika,k_ATR,RRR,smer,obchodu,TP_pct,breakeven,edge_pp,R_obchod,t,usd
momentum,0.25,1:1,LONG,1659,49.73190348525469,50.0,-0.2680965147453094,-0.06586020682563917,-2.787828546872976,-787.5
momentum,0.25,1:1,SHORT,1611,48.91803278688525,50.0,-1.0819672131147513,-0.09069583623242447,-3.7162394903408806,-59337.5
momentum,0.25,1:1,OBA,3270,49.320517069937026,50.0,-0.6794829300629743,-0.07809574168017466,-4.600432309294034,-60125.0
momentum,0.25,"1:1,5",LONG,1659,59.064702114029465,60.00000000000001,-0.9352978859705416,-0.08823154270848527,-4.47637283624611,-30812.5
momentum,0.25,"1:1,5",SHORT,1611,58.87251761691223,60.00000000000001,-1.1274823830877736,-0.08911672912624101,-4.406230191993311,-57225.0
momentum,0.25,"1:1,5",OBA,3270,58.96860986547085,60.00000000000001,-1.031390134529154,-0.08866763913631538,-6.281987911155024,-88037.5
momentum,0.25,2:1,LONG,1659,29.361370716510905,33.333333333333336,-3.971962616822431,-0.05225577635605992,-1.680767664930216,-12850.0
momentum,0.25,2:1,SHORT,1611,32.147937411095306,33.333333333333336,-1.1853959222380297,-0.06959682176020561,-2.099995761778449,-43500.0
momentum,0.25,2:1,OBA,3270,30.817843866171003,33.333333333333336,-2.5154894671623325,-0.06079902533039592,-2.678471709127849,-56350.0
momentum,0.25,3:1,LONG,1659,16.053811659192828,25.0,-8.946188340807172,-0.02963400091659165,-0.8504731250106565,-237.5
momentum,0.25,3:1,SHORT,1611,21.27825409197194,25.0,-3.7217459080280584,-0.06140047788963196,-1.5969482390774057,-21825.0
momentum,0.25,3:1,OBA,3270,18.84904086738949,25.0,-6.1509591326105095,-0.045284090948263814,-1.7479382856110135,-22062.5
momentum,0.5,1:1,LONG,990,52.30961298377028,50.0,2.309612983770279,-0.023344854741929006,-0.8019996807069595,-23500.0
momentum,0.5,1:1,SHORT,1009,50.263991552270326,50.0,0.2639915522703262,-0.06849740083256016,-2.222871753218989,-24900.0
momentum,0.5,1:1,OBA,1999,51.20137299771167,50.0,1.2013729977116725,-0.04613570967211752,-2.175417658242686,-48400.0
momentum,0.5,"1:1,5",LONG,990,62.8175519630485,60.00000000000001,2.817551963048494,-0.03644961306681482,-1.4962898065084023,-16862.5
momentum,0.5,"1:1,5",SHORT,1009,59.93788819875776,60.00000000000001,-0.06211180124224569,-0.07741629979673378,-3.04102578108098,-33237.5
momentum,0.5,"1:1,5",OBA,1999,61.29912663755459,60.00000000000001,1.2991266375545862,-0.057127645538294684,-3.240905629063759,-50100.0
momentum,0.5,2:1,LONG,990,30.218068535825545,33.333333333333336,-3.115264797507791,0.0035278236080193374,0.09370159533220736,-13737.5
momentum,0.5,2:1,SHORT,1009,31.343283582089555,33.333333333333336,-1.990049751243781,-0.08113722596624219,-1.9498236275899132,-27387.5
momentum,0.5,2:1,OBA,1999,30.865829477858558,33.333333333333336,-2.467503855474778,-0.03920706134467194,-1.3955066885435792,-41125.0
momentum,0.5,3:1,LONG,990,16.455696202531644,25.0,-8.544303797468356,0.021213620556848764,0.5050361519984305,-5987.5
momentum,0.5,3:1,SHORT,1009,19.469026548672566,25.0,-5.530973451327434,-0.12054849647470477,-2.573830911469905,-35300.0
momentum,0.5,3:1,OBA,1999,18.229166666666664,25.0,-6.770833333333336,-0.05034114486828256,-1.5970103195186782,-41287.5
momentum,0.75,1:1,LONG,515,55.09138381201044,50.0,5.0913838120104415,0.0002140822348950815,0.005467500237949699,-2037.5
momentum,0.75,1:1,SHORT,630,49.56521739130435,50.0,-0.4347826086956488,-0.07412179547433656,-1.9276260256858373,-14200.0
momentum,0.75,1:1,OBA,1145,51.774530271398746,50.0,1.7745302713987456,-0.04068688104616686,-1.47749056153403,-16237.5
momentum,0.75,"1:1,5",LONG,515,65.55819477434679,60.00000000000001,5.558194774346781,-0.020251927981807877,-0.6219478387196394,-6162.5
momentum,0.75,"1:1,5",SHORT,630,61.44781144781145,60.00000000000001,1.4478114478114463,-0.047434219517591907,-1.4973834066179266,-9800.0
momentum,0.75,"1:1,5",OBA,1145,63.15270935960591,60.00000000000001,3.1527093596059004,-0.03520812332464101,-1.546935559921048,-15962.5
momentum,0.75,2:1,LONG,515,33.22147651006711,33.333333333333336,-0.1118568232662227,0.050100499708454614,0.9812611987881108,7300.0
momentum,0.75,2:1,SHORT,630,30.113636363636363,33.333333333333336,-3.2196969696969724,-0.11404830646722981,-2.220464552559739,-17362.5
momentum,0.75,2:1,OBA,1145,31.234866828087167,33.333333333333336,-2.0984665052461686,-0.040217184038865185,-1.1024720399713475,-10062.5
momentum,0.75,3:1,LONG,515,18.0,25.0,-7.0,0.04569251260404592,0.8220785541565457,7712.5
momentum,0.75,3:1,SHORT,630,18.495934959349594,25.0,-6.504065040650406,-0.1512816061437561,-2.5866283467637285,-43287.5
momentum,0.75,3:1,OBA,1145,18.328840970350406,25.0,-6.671159029649594,-0.06268626015675344,-1.5350988077648486,-35575.0
fade,0.25,1:1,LONG,1611,50.0,50.0,0.0,-0.06213076536522368,-2.5444601109357623,-33400.0
fade,0.25,1:1,SHORT,1659,49.32975871313673,50.0,-0.6702412868632734,-0.08331748033201897,-3.550584421466743,-91837.5
fade,0.25,1:1,OBA,3270,49.6684350132626,50.0,-0.33156498673739776,-0.07287962167406568,-4.306484724485071,-125237.5
fade,0.25,"1:1,5",LONG,1611,61.228406909788866,60.00000000000001,1.228406909788859,-0.047753908518755425,-2.381514816501426,-20550.0
fade,0.25,"1:1,5",SHORT,1659,60.56518946692358,60.00000000000001,0.5651894669235702,-0.0679914013440856,-3.491614871642801,-70125.0
fade,0.25,"1:1,5",OBA,3270,60.89743589743589,60.00000000000001,0.8974358974358836,-0.058021186988854126,-4.153252873258732,-90675.0
fade,0.25,2:1,LONG,1611,28.57142857142857,33.333333333333336,-4.761904761904766,-0.0842196818826741,-2.6182404009199796,-39675.0
fade,0.25,2:1,SHORT,1659,30.844645550527904,33.333333333333336,-2.4886877828054317,-0.07990822459642635,-2.562229888228853,-89100.0
fade,0.25,2:1,OBA,3270,29.706325301204817,33.333333333333336,-3.6270080321285185,-0.08203230951634839,-3.6637310406749806,-128775.0
fade,0.25,3:1,LONG,1611,16.14539306846999,25.0,-8.85460693153001,-0.08986778558155886,-2.5050561539644156,-46975.0
fade,0.25,3:1,SHORT,1659,18.70805369127517,25.0,-6.291946308724832,-0.10146461857942432,-2.8952021484609074,-100400.0
fade,0.25,3:1,OBA,3270,17.431578947368422,25.0,-7.568421052631578,-0.09575131645111815,-3.819921152212391,-147375.0
fade,0.5,1:1,LONG,1009,48.94291754756871,50.0,-1.0570824524312883,-0.08082173775147497,-2.634586767903971,-32625.0
fade,0.5,1:1,SHORT,990,46.81647940074906,50.0,-3.18352059925094,-0.12134770902277062,-4.156002343119347,-32300.0
fade,0.5,1:1,OBA,1999,47.96794504865483,50.0,-2.0320549513451667,-0.10089212872625371,-4.7621974873245065,-64925.0
fade,0.5,"1:1,5",LONG,1009,60.32719836400818,60.00000000000001,0.3271983640081757,-0.0627482549226187,-2.4751891695871566,-24912.5
fade,0.5,"1:1,5",SHORT,990,58.545034642032334,60.00000000000001,-1.454965357967673,-0.10399198409945709,-4.185237945193186,-24112.5
fade,0.5,"1:1,5",OBA,1999,59.490238611713664,60.00000000000001,-0.5097613882863428,-0.08317411379458968,-4.684708580024866,-49025.0
fade,0.5,2:1,LONG,1009,27.971188475390157,33.333333333333336,-5.3621448579431785,-0.10747718763024945,-2.672661434543764,-44437.5
fade,0.5,2:1,SHORT,990,29.190751445086704,33.333333333333336,-4.142581888246632,-0.08857990958631701,-2.326216653869802,-9212.5
fade,0.5,2:1,OBA,1999,28.524590163934427,33.333333333333336,-4.808743169398909,-0.09811835558247901,-3.542136201110018,-53650.0
fade,0.5,3:1,LONG,1009,17.5531914893617,25.0,-7.446808510638299,-0.07497004040297767,-1.6243694131969804,-19262.5
fade,0.5,3:1,SHORT,990,18.949044585987263,25.0,-6.050955414012737,-0.0644736966502579,-1.4724586528840982,-2712.5
fade,0.5,3:1,OBA,1999,18.18840579710145,25.0,-6.811594202898551,-0.06977175110073026,-2.192762877260759,-21975.0
fade,0.75,1:1,LONG,630,49.391304347826086,50.0,-0.608695652173914,-0.07724435324531843,-2.008985587571293,-23050.0
fade,0.75,1:1,SHORT,515,44.24083769633508,50.0,-5.759162303664922,-0.14803539978011157,-3.7933583697869566,-27187.5
fade,0.75,1:1,OBA,1145,47.33542319749217,50.0,-2.664576802507831,-0.10908486762559658,-3.967141912604128,-50237.5
fade,0.75,"1:1,5",LONG,630,61.03678929765886,60.00000000000001,1.0367892976588564,-0.05887598292665901,-1.8459199353718916,-18950.0
fade,0.75,"1:1,5",SHORT,515,57.38095238095238,60.00000000000001,-2.6190476190476275,-0.12323607617184416,-3.6566066892391094,-22487.5
fade,0.75,"1:1,5",OBA,1145,59.52848722986247,60.00000000000001,-0.47151277013753656,-0.08782397246488641,-3.78567577359478,-41437.5
fade,0.75,2:1,LONG,630,30.63583815028902,33.333333333333336,-2.6974951830443175,-0.07038232255931078,-1.3674267561443847,-23225.0
fade,0.75,2:1,SHORT,515,24.21383647798742,33.333333333333336,-9.119496855345915,-0.15375634167849256,-3.1955261554681322,-33450.0
fade,0.75,2:1,OBA,1145,28.19593787335723,33.333333333333336,-5.137395459976105,-0.10788242722863708,-3.0262740573579228,-56675.0
fade,0.75,3:1,LONG,630,17.03056768558952,25.0,-7.969432314410479,-0.08420374133503183,-1.461069086950037,-33412.5
fade,0.75,3:1,SHORT,515,13.148788927335639,25.0,-11.851211072664361,-0.18230847158457444,-3.4885890957555503,-39087.5
fade,0.75,3:1,OBA,1145,15.528781793842034,25.0,-9.471218206157966,-0.12832944970054663,-3.2503829584694794,-72500.0
