,1,2,3,5,7,10,20
2009,0.0558849631034731,0.16050796659840377,0.2631447741584739,0.4890445493091218,0.7072901544972942,1.0194111376278867,1.762660833729081
2010,0.03039279704499385,0.08056690470040316,0.1320975753844656,0.22069369160705593,0.30245229017347747,0.43059686023801763,0.8942269848203157
2011,-0.015055598253732217,-0.017999896641695913,-0.020329462858959653,-0.017269424599756205,-0.005279745040488172,-0.012259858379177873,0.005384524174027672
2012,0.03542390911249061,0.08592477510448096,0.14127948717803462,0.2525277297667442,0.36286297113854693,0.5291165911992808,1.0504125792058094
2013,0.05349771375240381,0.14836604040726825,0.24084496633154648,0.4324169809694209,0.628997419173607,0.9148379704732787,1.7496072720853517
2014,0.004321208904105269,0.033478026774808135,0.06402643389580472,0.12861125761007866,0.18622047170746148,0.2592947260518527,0.6729665020449981
2015,-0.020171389585054045,-0.040690289020098046,-0.05990660921534568,-0.10877797714260755,-0.14636264489018674,-0.2097708861157411,-0.5012327867405691
2016,0.04075401816886942,0.0840407806514735,0.1326434034284849,0.2629284936930416,0.3886697874757448,0.591440415782759,1.288211416263657
2017,0.047339094949212554,0.1694389955019226,0.29721221425004646,0.5617995862305242,0.8255487571084684,1.2377481225343456,2.727142526729388
2018,-0.04157255948709636,-0.06161821362734768,-0.0780700725718182,-0.12432399448767338,-0.16941937444063607,-0.25633027415167875,-0.7592546314268145
2019,0.0373510502108747,0.12386412210670633,0.20607719206256234,0.35801598129891987,0.5099362034843351,0.7316858156630462,1.4375463330535612
2020,-0.011983204333920989,0.017443155044315897,0.043358679014152544,0.10514282155046385,0.151030515872407,0.17660424694085583,-0.06064807088889252
2021,0.033124561423037206,0.11129346937548944,0.1789007950111191,0.31860495424703283,0.46238227456534814,0.6913915563152407,1.2716677408284853
2022,-0.026885565935320037,-0.09577485115292862,-0.16103423393442146,-0.27923343240735926,-0.391193051139973,-0.541125884678018,-0.8371823575739255
2023,0.0614961907659696,0.11389722198588925,0.169181342879333,0.2751541939104112,0.3787399913341067,0.5280582149839179,1.0490779459511963
2024,-0.011816759893534732,0.04455891962778542,0.10864795467017133,0.22966044117222442,0.3309593393637968,0.48165804314120786,1.0986795470357267
2025,-0.007792446101828836,0.01607383297624205,0.043441788070737,0.10855989724346123,0.19634328224500022,0.3109702358235482,0.6630006964514198
2026,0.02006256646377143,0.05235944491409189,0.07790323797810682,0.15699735875975132,0.22690456609578644,0.322134404641356,0.6604446531750264
