side,exit,entries,exp,edge,win,longest,hold
long,E01 čas 10D,109,0.4022378137768871,0.08659025970629841,0.6359983962421215,5.0,9.990855509741678
long,E01 čas 1D,109,-0.020434305712025962,0.007109593392906901,0.5033196988976266,7.0,1.0
long,E01 čas 20D,109,0.780040592350129,0.2209019132836724,0.6692058531082233,3.0,19.968086060106895
long,E01 čas 2D,109,0.00665005647121174,-0.002282202676184122,0.5347197184558976,6.0,1.9998167740231796
long,E01 čas 3D,109,0.06218882284061741,0.011656318307847979,0.5680112243432283,6.0,2.9994086134724527
long,E01 čas 5D,109,0.17013254917633236,0.03907389044967393,0.5920752780016452,5.0,4.998048706979041
long,E02 trailing 1.0 ATR,109,0.024975464189753625,-0.040619968457460846,0.3823159276139757,9.0,3.708533143922681
long,E02 trailing 1.5 ATR,109,0.15542979111235208,-0.005123452532645951,0.40698827503859,8.0,6.578295732506857
long,E02 trailing 2.0 ATR,109,0.18378729113313938,0.01529540551587634,0.40407848838825927,8.0,9.04057832091308
long,E02 trailing 3.0 ATR,109,0.3958872986961617,0.02226545734873188,0.4844430421259868,6.0,13.705250421375995
long,E03 close přes týdenní VWAP,109,0.020125193511248415,-0.009035997867493737,0.4553930713669524,8.0,3.833389386363554
long,E04 opačná migrace,109,0.046697755718789986,0.007133655788905211,0.49094831406637357,7.0,3.2357520942209645
long,E05 změna režimu,109,0.051701277010905475,0.0008192921075296293,0.49877803588599606,7.0,4.989836651205471
long,E06 SL 0.5 ATR · RRR 1,109,-0.05476516708531774,-0.004584524163127977,0.4856434131097233,8.0,1.4081332313185617
long,E06 SL 0.5 ATR · RRR 2,109,-0.03253217273941055,-0.013932257198968314,0.33868092150684986,11.0,2.0230332554060766
long,E06 SL 0.5 ATR · RRR 3,109,-0.0017937041730519718,-0.012841597450717258,0.2693698220652788,14.0,2.6213448107753217
long,E06 SL 0.5 ATR · RRR 5,109,0.03569068022868457,-0.01562886398758746,0.196994852212361,18.0,3.7912218584657054
long,E06 SL 1.0 ATR · RRR 1,109,-0.008502333660427153,-0.025956194788024342,0.5161535808622346,7.0,2.8933574311428774
long,E06 SL 1.0 ATR · RRR 2,109,0.07386895147360809,-0.014371168027583685,0.3751775005870407,10.0,4.989101996506293
long,E06 SL 1.0 ATR · RRR 3,109,0.14174682140276465,0.02491045622150976,0.32018072390371155,11.0,6.897307888219227
long,E06 SL 1.0 ATR · RRR 5,109,0.19517098090282337,0.03271098851313614,0.2913917153481882,11.0,8.651844053531773
long,E06 SL 1.5 ATR · RRR 1,109,0.08209944506792576,-0.012089639695840218,0.541522005636285,6.0,5.113867783394059
long,E06 SL 1.5 ATR · RRR 2,109,0.1938392987093784,-0.02202855116130368,0.41784878835092876,7.0,9.033537054632664
long,E06 SL 1.5 ATR · RRR 3,109,0.257056009977323,0.010745571711560648,0.39318495846592144,8.0,10.85980812483132
long,E06 SL 1.5 ATR · RRR 5,109,0.294748296802142,-0.05584447341340922,0.3898245982278811,8.0,11.775581077233104
long,E06 SL 2.0 ATR · RRR 1,109,0.17507426863993347,0.02905084844731707,0.5567290380543424,5.0,7.91182729904729
long,E06 SL 2.0 ATR · RRR 2,109,0.29922398381522636,0.0028457664621042164,0.46843235073868034,6.0,12.242200196433279
long,E06 SL 2.0 ATR · RRR 3,109,0.36129354721588547,0.05281025438327672,0.46473467391078244,6.0,13.425113627940666
long,E06 SL 2.0 ATR · RRR 5,109,0.36922762459901043,0.015921697238951534,0.46543520037127145,6.0,13.733836159635256
long,E07 ½ na 1R + trailing,109,0.1327333624232643,-0.017239254379338646,0.5413785393146242,6.0,8.383746457158656
long,"E08 trailing 1 ATR, max 5D",109,0.021833400576681764,-0.019503677641194747,0.3918166157953583,9.0,2.957272366302043
long,"E08 trailing 2 ATR, max 10D",109,0.12703278996319461,0.007433178276183645,0.4397990569092404,8.0,6.588009130422278
short,E01 čas 10D,109,-0.48131333279294425,-0.08272572329265203,0.34927872514571184,9.0,9.990632651962082
short,E01 čas 1D,109,-0.059861283064825056,-0.0051875259811612505,0.4204508069754394,11.0,1.0
short,E01 čas 20D,109,-0.8554245555922905,-0.21229159622685595,0.32096989196504094,9.0,19.967201789077823
short,E01 čas 2D,109,-0.08656775264387159,0.004682631491483229,0.4211429866659797,9.0,1.9998167740231796
short,E01 čas 3D,109,-0.141924026982155,-0.008776720064558027,0.4028445161202886,9.0,2.9994086134724527
short,E01 čas 5D,109,-0.24841906016492807,-0.03491624811531831,0.3845026610822115,10.0,4.998022643592886
short,E02 trailing 1.0 ATR,109,-0.0998196860429602,-0.009630272324498352,0.3426954952453155,12.0,2.8361311480165816
short,E02 trailing 1.5 ATR,109,-0.17094527886217736,0.005911258004664977,0.3382117143837096,11.0,4.524813100060229
short,E02 trailing 2.0 ATR,109,-0.28321203365713576,-0.03858256646263837,0.3197274373800427,10.0,6.796669398533026
short,E02 trailing 3.0 ATR,109,-0.4798894154586669,-0.01986857603279467,0.30018686580532034,10.0,11.627708137368979
short,E03 close přes týdenní VWAP,109,-0.18231580531111144,-0.06248683461607479,0.3374188602553446,11.0,2.935099315199813
short,E04 opačná migrace,109,-0.13995979856802285,-0.027965116392357266,0.3701614158867967,11.0,2.8659919657137
short,E05 změna režimu,109,-0.17030012535327488,-0.051002810788164474,0.39462028425020546,9.0,3.4010942404785234
short,E06 SL 0.5 ATR · RRR 1,109,-0.08440618399208957,0.005826978843507122,0.456079150765741,9.0,1.4135180743752829
short,E06 SL 0.5 ATR · RRR 2,109,-0.07591329778497982,0.005838685716488635,0.30966181411296995,13.0,1.8682342079409726
short,E06 SL 0.5 ATR · RRR 3,109,-0.07899131568989295,-0.0021823495719484826,0.2306349774066339,17.0,2.2392905338347515
short,E06 SL 0.5 ATR · RRR 5,109,-0.10666067126315122,-0.020158128921552037,0.1449150325737755,26.0,2.970856508936118
short,E06 SL 1.0 ATR · RRR 1,109,-0.08995950258325187,0.025010920647064658,0.47515961239544263,8.0,2.910989672266887
short,E06 SL 1.0 ATR · RRR 2,109,-0.1494524107957854,-0.0021936997388642427,0.2976683683131437,12.0,4.451677453284331
short,E06 SL 1.0 ATR · RRR 3,109,-0.22386552776872243,-0.03278495911990597,0.20760085116842578,16.0,5.785479392031145
short,E06 SL 1.0 ATR · RRR 5,109,-0.3216206873085334,-0.052780531107367246,0.15032436305992927,23.0,6.976072461402392
short,E06 SL 1.5 ATR · RRR 1,109,-0.16480622348426047,0.01815390948714254,0.45708251283244733,7.0,5.139123155117873
short,E06 SL 1.5 ATR · RRR 2,109,-0.311202808188039,-0.03625559411521549,0.27753111818668375,12.0,8.019227862474636
short,E06 SL 1.5 ATR · RRR 3,109,-0.40266665652767913,-0.025677571179548803,0.22079943089988044,15.0,9.323999944126262
short,E06 SL 1.5 ATR · RRR 5,109,-0.4418357180940934,-0.011362192405408898,0.20423662374540705,16.0,10.217994702914787
short,E06 SL 2.0 ATR · RRR 1,109,-0.258081141887453,-0.030477066382049528,0.44138942514038826,7.0,7.946988739818069
short,E06 SL 2.0 ATR · RRR 2,109,-0.46897510031572887,-0.012536304887109846,0.2783297262998875,11.0,11.24089987941807
short,E06 SL 2.0 ATR · RRR 3,109,-0.5560636036797347,-0.038784620519327476,0.2488432216600268,12.0,12.337618438520165
short,E06 SL 2.0 ATR · RRR 5,109,-0.5790308772282478,-0.031416170303883925,0.241740216272832,13.0,12.861485354272
short,E07 ½ na 1R + trailing,109,-0.19306824251592267,0.013729281215958197,0.4667782004798544,7.0,6.262690070945254
short,"E08 trailing 1 ATR, max 5D",109,-0.08971193532535907,-0.011710761173606582,0.3485039583820315,12.0,2.7148678932078085
short,"E08 trailing 2 ATR, max 10D",109,-0.245563397360431,-0.031057810078528977,0.33526354271469516,10.0,5.992925608791795
