mode,year,date,pnl
long+short,2013,2013-01-08,0.1976112920738328
long+short,2013,2013-01-31,-0.42994241842610365
long+short,2013,2013-03-12,-0.6453900709219857
long+short,2013,2013-05-30,-0.9528795811518325
long+short,2013,2013-07-01,-0.3106508875739645
long+short,2013,2013-07-23,-1.3757225433526012
long+short,2013,2013-07-29,-0.02102102102102102
long+short,2013,2013-08-26,-0.8296296296296297
long+short,2013,2013-10-15,2.2162162162162162
long+short,2013,2013-10-30,-0.1547911547911548
long+short,2013,2013-11-19,-0.36795994993742176
long+short,2013,2013-11-26,-0.74320987654321
long+short,2013,2013-12-10,-2.0809248554913293
long+short,2014,2014-01-17,-0.2018348623853211
long+short,2014,2014-02-21,0.38181818181818183
long+short,2014,2014-04-14,2.365025466893039
long+short,2014,2014-05-02,0.47350620067643745
long+short,2014,2014-05-14,-0.8058690744920993
long+short,2014,2014-05-16,0.19649122807017544
long+short,2014,2014-07-11,0.32369942196531787
long+short,2014,2014-08-04,-1.2012257405515834
long+short,2014,2014-09-10,-0.18694362017804153
long+short,2014,2014-09-15,0.5177809388335703
long+short,2014,2014-10-08,-2.041025641025641
long+short,2014,2014-11-28,-0.6394779771615008
long+short,2014,2014-12-09,-2.0719794344473006
long+short,2014,2014-12-30,-0.7148936170212767
long+short,2015,2015-02-05,-0.8426332288401255
long+short,2015,2015-02-12,-0.3756544502617801
long+short,2015,2015-02-19,-1.0490286771507864
long+short,2015,2015-03-02,2.2795115332428764
long+short,2015,2015-03-16,-1.7630597014925373
long+short,2015,2015-03-30,-0.042977743668457406
long+short,2015,2015-04-20,-0.11764705882352941
long+short,2015,2015-05-14,-0.5092966855295069
long+short,2015,2015-05-21,0.25225225225225223
long+short,2015,2015-08-10,-0.8709972552607502
long+short,2015,2015-08-17,10.003418803418803
long+short,2015,2015-10-07,-0.12686567164179105
long+short,2015,2015-10-15,-0.8547008547008547
long+short,2015,2015-10-22,-0.7835390946502057
long+short,2015,2015-10-29,-0.5757009345794392
long+short,2015,2015-11-26,1.8430688753269397
long+short,2016,2016-02-01,-0.45237096097356266
long+short,2016,2016-02-18,0.2158273381294964
long+short,2016,2016-03-02,0.2969151670951157
long+short,2016,2016-03-04,0.4369063772048846
long+short,2016,2016-03-14,0.2986923606331727
long+short,2016,2016-03-31,1.378894472361809
long+short,2016,2016-04-14,-0.1658206429780034
long+short,2016,2016-05-09,0.900990099009901
long+short,2016,2016-05-10,-0.7859181731684111
long+short,2016,2016-05-25,-0.11627906976744186
long+short,2016,2016-05-30,-0.417910447761194
long+short,2016,2016-06-07,0.2745098039215686
long+short,2016,2016-07-08,0.0502092050209205
long+short,2016,2016-07-11,0.10807600950118765
long+short,2016,2016-07-15,0.15730337078651685
long+short,2016,2016-07-29,-0.3086900129701686
long+short,2016,2016-08-01,-0.8820375335120643
long+short,2016,2016-09-05,0.2028985507246377
long+short,2016,2016-09-07,-0.12928759894459102
long+short,2016,2016-09-16,-0.4036243822075783
long+short,2016,2016-09-22,-0.35247836349331235
long+short,2016,2016-09-23,-0.41839080459770117
long+short,2016,2016-11-22,0.30068728522336774
long+short,2016,2016-11-25,-0.43562231759656656
long+short,2016,2016-12-06,2.4302670623145395
long+short,2016,2016-12-08,0.7170294494238156
long+short,2017,2017-02-01,1.2084993359893759
long+short,2017,2017-04-05,0.12138728323699423
long+short,2017,2017-05-08,-0.5077720207253886
long+short,2017,2017-06-09,0.9096671949286846
long+short,2017,2017-11-29,0.169811320754717
long+short,2017,2017-12-04,-0.294
long+short,2018,2018-01-18,1.4599627560521418
long+short,2018,2018-01-29,-0.3189585028478438
long+short,2018,2018-02-07,-1.5219966159052454
long+short,2018,2018-03-27,0.6026490066225165
long+short,2018,2018-05-02,1.143640350877193
long+short,2018,2018-05-24,0.11281224818694603
long+short,2018,2018-06-07,0.6780923994038748
long+short,2018,2018-07-03,0.5910290237467019
long+short,2018,2018-07-26,-2.2422422422422423
long+short,2018,2018-09-21,-0.39622641509433965
long+short,2018,2018-09-26,0.027477919528949943
long+short,2018,2018-11-08,-1.2220026350461133
long+short,2018,2018-11-29,1.1977401129943503
long+short,2018,2018-12-28,0.09157232704402515
long+short,2019,2019-05-13,0.46688899475940926
long+short,2019,2019-05-24,-1.8268506900878294
long+short,2019,2019-05-31,3.7884187082405347
long+short,2019,2019-08-01,-0.20824881676808654
long+short,2019,2019-08-27,0.9239896180941788
long+short,2019,2019-10-01,-1.1403508771929824
long+short,2020,2020-01-08,-0.6032315978456014
long+short,2020,2020-01-13,0.022838499184339313
long+short,2020,2020-01-16,0.13402061855670103
long+short,2020,2020-02-05,0.2717127607957302
long+short,2020,2020-02-10,-0.18329571106094805
long+short,2020,2020-02-12,-0.42100538599640935
long+short,2020,2020-02-14,0.483754512635379
long+short,2020,2020-04-16,0.2806354009077156
long+short,2020,2020-04-29,0.5157520325203251
long+short,2020,2020-05-18,-0.3852171567305099
long+short,2020,2020-05-25,-0.03928905519176801
long+short,2020,2020-06-01,-0.6851549755301795
long+short,2020,2020-06-03,-2.020641356431994
long+short,2020,2020-06-08,-0.26465028355387527
long+short,2020,2020-06-22,0.5035211267605634
long+short,2020,2020-07-06,-0.9126344086021505
long+short,2020,2020-07-15,-0.32450331125827814
long+short,2020,2020-07-20,0.3617021276595745
long+short,2020,2020-08-04,-0.013598834385624089
long+short,2020,2020-08-06,-0.5167557066537153
long+short,2020,2020-08-10,0.3835616438356165
long+short,2020,2020-08-12,-0.5002414292612265
long+short,2020,2020-08-18,1.096112311015119
long+short,2020,2020-08-21,-0.5182038834951457
long+short,2020,2020-08-25,-1.2870699881376038
long+short,2020,2020-09-01,-0.46942800788954636
long+short,2020,2020-10-01,-1.366851797719965
long+short,2020,2020-10-07,-0.4389312977099237
long+short,2020,2020-10-09,-0.47450381679389314
long+short,2020,2020-11-13,0.12643397608005857
long+short,2020,2020-11-24,-0.14545454545454545
long+short,2020,2020-11-27,-0.5317247542448615
long+short,2020,2020-12-04,0.3424657534246575
long+short,2020,2020-12-08,0.9781333333333333
long+short,2020,2020-12-16,-0.15009746588693956
long+short,2020,2020-12-28,0.5384615384615384
long+short,2021,2021-01-06,0.6358131487889274
long+short,2021,2021-01-14,-0.24147843942505134
long+short,2021,2021-01-20,-2.021406727828746
long+short,2021,2021-02-02,1.5079850492694529
long+short,2021,2021-03-08,0.7063572149344096
long+short,2021,2021-03-29,3.937340619307832
long+short,2021,2021-04-15,-1.7108684347373895
long+short,2021,2021-04-22,2.1275933609958506
long+short,2021,2021-04-29,0.4961479198767334
long+short,2021,2021-05-14,-1.7298850574712643
long+short,2021,2021-05-21,0.2523719165085389
long+short,2021,2021-05-28,0.5940309241280115
long+short,2021,2021-06-09,-0.5493670886075949
long+short,2021,2021-06-22,2.6803911477097273
long+short,2021,2021-07-12,0.3790931989924433
long+short,2021,2021-07-21,1.1446179129005751
long+short,2021,2021-07-29,0.5626911314984709
long+short,2021,2021-08-06,-2.028368794326241
long+short,2021,2021-08-23,-0.2910112359550562
long+short,2021,2021-08-30,0.10218978102189782
long+short,2021,2021-09-02,-0.3386515697375193
long+short,2021,2021-09-22,-0.05160339107998526
long+short,2021,2021-10-15,1.8532374100719424
long+short,2021,2021-10-29,2.323570432357043
long+short,2021,2021-11-15,0.6040992448759439
long+short,2021,2021-11-25,0.46815286624203817
long+short,2021,2021-12-07,-0.778877887788779
long+short,2021,2021-12-16,-0.9196850393700787
long+short,2021,2021-12-22,0.9764138980471722
long+short,2022,2022-01-26,-1.7812800307514893
long+short,2022,2022-03-16,1.1433803332722947
long+short,2022,2022-04-14,-5.429657794676806
long+short,2022,2022-05-26,-2.6996788913300658
long+short,2022,2022-06-27,0.5317491234904558
long+short,2022,2022-07-28,1.5103315713599232
long+short,2022,2022-08-25,-8.026189715745767
long+short,2022,2022-10-04,1.1741214057507987
long+short,2022,2022-11-08,1.6756007393715342
long+short,2022,2022-12-14,0.6013175230566535
long+short,2023,2023-02-01,0.5509456985967053
long+short,2023,2023-02-03,0.146867025800964
long+short,2023,2023-02-07,-0.1998320738874895
long+short,2023,2023-02-13,0.8533707865168539
long+short,2023,2023-04-03,0.6411901983663945
long+short,2023,2023-04-06,-0.7236388697450036
long+short,2023,2023-04-11,0.5510204081632653
long+short,2023,2023-04-13,0.10037958667229016
long+short,2023,2023-04-19,-0.27022058823529416
long+short,2023,2023-05-19,0.3383199079401611
long+short,2023,2023-05-30,-2.0245829675153644
long+short,2023,2023-06-02,0.3436262866191607
long+short,2023,2023-06-06,0.44508670520231214
long+short,2023,2023-06-08,-0.23569023569023567
long+short,2023,2023-06-12,-0.4025751072961374
long+short,2023,2023-06-14,-2.024127531236536
long+short,2023,2023-06-16,0.273961661341853
long+short,2023,2023-06-20,0.5393634840871022
long+short,2023,2023-06-22,-2.0265402843601894
long+short,2023,2023-07-04,0.7397806580259223
long+short,2023,2023-07-11,-0.4164102564102564
long+short,2023,2023-07-13,0.3793103448275862
long+short,2023,2023-07-17,-1.3531870428422152
long+short,2023,2023-07-19,0.04283528811830698
long+short,2023,2023-07-21,-0.17010036978341256
long+short,2023,2023-07-25,-1.2419911286347955
long+short,2023,2023-07-28,0.28205128205128205
long+short,2023,2023-11-16,-0.06671554252199413
long+short,2023,2023-11-20,-0.3783783783783784
long+short,2023,2023-11-22,0.07397622192866579
long+short,2023,2023-11-24,0.13965087281795513
long+short,2023,2023-11-28,0.525
long+short,2023,2023-11-30,0.05645161290322581
long+short,2023,2023-12-08,-0.5966141272621133
long+short,2023,2023-12-12,-2.0320366132723113
long+short,2023,2023-12-13,0.27382146439317956
long+short,2023,2023-12-15,-0.4250229990800368
long+short,2023,2023-12-19,0.7347886669763122
long+short,2023,2023-12-21,-0.08312128922815946
long+short,2023,2023-12-26,-0.2591476538958244
long+short,2023,2023-12-28,2.588403041825095
long+short,2024,2024-03-06,-0.23121387283236994
long+short,2024,2024-04-17,-1.5154995848325492
long+short,2024,2024-05-24,-1.5271449345613184
long+short,2024,2024-05-30,4.474591651542649
long+short,2024,2024-08-29,-1.5169133192389006
long+short,2024,2024-10-24,-1.5200286123032902
long+short,2024,2024-11-01,4.481578947368421
long+short,2024,2024-11-13,-1.516208393632417
long+short,2024,2024-11-15,2.365226899945325
long+short,2024,2024-12-20,-1.516990291262136
long+short,2025,2025-02-03,1.7234042553191489
long+short,2025,2025-02-25,-7.577981651376147
long+short,2025,2025-05-21,1.5811688311688312
long+short,2025,2025-07-15,2.3324208056315996
long+short,2025,2025-07-31,3.867917155138726
long+short,2025,2025-09-17,1.4524064171122995
long+short,2025,2025-10-22,0.9861635220125786
long+short,2025,2025-11-13,1.7626486360456985
long+short,2026,2026-01-16,0.48051496172581765
long+short,2026,2026-01-22,0.48396334478808706
long+short,2026,2026-03-03,-0.5112721417069244
long+short,2026,2026-03-05,0.48812553011026294
long+short,2026,2026-03-09,-0.5102941176470588
long+short,2026,2026-04-02,-0.5091698051416408
long+short,2026,2026-04-21,0.48794921454701956
long+short,2026,2026-05-15,0.4862136878385032
long+short,2026,2026-06-17,0.49077581946960963
long+short,2026,2026-06-19,0.4908616187989556
long+short,2026,2026-07-08,-0.5124860646599777
long+short,2026,2026-07-13,-0.5124749387391401
long+short,2026,2026-07-16,-0.513986013986014
long+short,2026,2026-07-22,-0.5155382907880133
long+short,2026,2026-08-06,-0.5106931449303036
long+short,2026,2026-08-14,0.48759415152857777
long+short,2026,2026-08-31,-0.5196975026380584
long+short,2026,2026-09-17,0.48439241917502784
long+short,2026,2026-09-24,-0.5151065551659023
long,2013,2013-01-08,0.1976112920738328
long,2013,2013-01-31,-0.42994241842610365
long,2013,2013-03-12,-0.6453900709219857
long,2013,2013-05-30,-0.9528795811518325
long,2013,2013-07-01,-0.3106508875739645
long,2013,2013-07-23,-1.3757225433526012
long,2013,2013-07-29,-0.02102102102102102
long,2013,2013-08-26,-0.8296296296296297
long,2013,2013-10-15,2.2162162162162162
long,2013,2013-10-30,-0.1547911547911548
long,2013,2013-11-19,-0.36795994993742176
long,2013,2013-11-26,-0.74320987654321
long,2013,2013-12-10,-2.0809248554913293
long,2014,2014-01-17,-0.2018348623853211
long,2014,2014-02-21,0.38181818181818183
long,2014,2014-04-14,2.365025466893039
long,2014,2014-05-02,0.47350620067643745
long,2014,2014-05-14,-0.8058690744920993
long,2014,2014-05-16,0.19649122807017544
long,2014,2014-07-11,0.32369942196531787
long,2014,2014-08-04,-1.2012257405515834
long,2014,2014-09-10,-0.18694362017804153
long,2014,2014-09-15,0.5177809388335703
long,2014,2014-10-08,-2.041025641025641
long,2014,2014-11-28,-0.6394779771615008
long,2014,2014-12-09,-2.0719794344473006
long,2014,2014-12-30,-0.7148936170212767
long,2015,2015-01-02,-0.8897005113221329
long,2015,2015-01-06,1.0470085470085468
long,2015,2015-01-13,0.7419804741980475
long,2015,2015-01-15,1.2092457420924574
long,2015,2015-01-27,-1.3098927294398093
long,2015,2015-01-29,-0.19455703532136653
long,2015,2015-02-09,1.1994996873045656
long,2015,2015-02-27,-0.35668789808917195
long,2015,2015-03-04,-0.9906542056074766
long,2015,2015-03-06,-2.066905615292712
long,2015,2015-03-11,0.805111821086262
long,2015,2015-03-23,-0.39344262295081966
long,2015,2015-03-25,0.020334059549745827
long,2015,2015-03-27,-0.3071104387291982
long,2015,2015-04-01,-0.1497326203208556
long,2015,2015-04-07,0.5140625
long,2015,2015-04-17,0.44748858447488593
long,2015,2015-04-27,-0.5639476334340383
long,2015,2015-04-30,0.7963302752293577
long,2015,2015-05-05,-0.8462867012089811
long,2015,2015-05-07,-0.652542372881356
long,2015,2015-05-12,0.3386155129274395
long,2015,2015-05-20,-0.040229885057471264
long,2015,2015-05-25,-0.814139110604333
long,2015,2015-05-29,-1.4875
long,2015,2015-06-05,-0.863582443653618
long,2015,2015-06-09,2.3682393555811276
long,2015,2015-06-24,-0.5210577864838394
long,2015,2015-06-26,-0.49557522123893805
long,2015,2015-06-30,-0.4039675383228134
long,2015,2015-07-09,2.1947743467933494
long,2015,2015-07-21,0.23771224307417338
long,2015,2015-07-23,-1.6756287944492627
long,2015,2015-07-27,1.3173431734317342
long,2015,2015-08-06,0.5539070227497527
long,2015,2015-08-11,-0.3344709897610922
long,2015,2015-08-20,-2.0428462127008418
long,2015,2015-08-24,-2.028325746079919
long,2015,2015-08-25,0.21297539149888142
long,2015,2015-09-01,-0.1706016755521706
long,2015,2015-09-07,-0.29146426092990974
long,2015,2015-09-10,0.23821339950372208
long,2015,2015-09-18,-0.7065556711758585
long,2015,2015-09-23,0.8080094228504122
long,2015,2015-09-25,-1.2
long,2015,2015-09-29,3.272510435301133
long,2015,2015-10-14,0.9549330085261876
long,2015,2015-10-26,0.34598411297440423
long,2015,2015-11-05,-0.2802547770700637
long,2015,2015-11-09,-0.5150501672240803
long,2015,2015-11-12,-1.1069767441860463
long,2015,2015-11-23,0.7104825291181365
long,2015,2015-12-02,-2.050724637681159
long,2015,2015-12-03,-0.011834319526627217
long,2015,2015-12-09,-0.9207772795216741
long,2015,2015-12-11,0.6136210384356036
long,2015,2015-12-18,1.047071129707113
long,2015,2015-12-31,-2.036529680365297
long,2016,2016-02-01,-0.45237096097356266
long,2016,2016-02-18,0.2158273381294964
long,2016,2016-03-02,0.2969151670951157
long,2016,2016-03-04,0.4369063772048846
long,2016,2016-03-14,0.2986923606331727
long,2016,2016-03-31,1.378894472361809
long,2016,2016-04-14,-0.1658206429780034
long,2016,2016-05-09,0.900990099009901
long,2016,2016-05-10,-0.7859181731684111
long,2016,2016-05-25,-0.11627906976744186
long,2016,2016-05-30,-0.417910447761194
long,2016,2016-06-07,0.2745098039215686
long,2016,2016-07-08,0.0502092050209205
long,2016,2016-07-11,0.10807600950118765
long,2016,2016-07-15,0.15730337078651685
long,2016,2016-07-29,-0.3086900129701686
long,2016,2016-08-01,-0.8820375335120643
long,2016,2016-09-05,0.2028985507246377
long,2016,2016-09-07,-0.12928759894459102
long,2016,2016-09-16,-0.4036243822075783
long,2016,2016-09-22,-0.35247836349331235
long,2016,2016-09-23,-0.41839080459770117
long,2016,2016-11-22,0.30068728522336774
long,2016,2016-11-25,-0.43562231759656656
long,2016,2016-12-06,2.4302670623145395
long,2016,2016-12-08,0.7170294494238156
long,2017,2017-02-01,1.2084993359893759
long,2017,2017-04-05,0.12138728323699423
long,2017,2017-05-08,-0.5077720207253886
long,2017,2017-06-09,0.9096671949286846
long,2017,2017-11-29,0.169811320754717
long,2017,2017-12-04,-0.294
long,2018,2018-01-18,1.4599627560521418
long,2018,2018-01-29,-0.3189585028478438
long,2018,2018-02-07,-1.5219966159052454
long,2018,2018-03-27,0.6026490066225165
long,2018,2018-05-02,1.143640350877193
long,2018,2018-05-24,0.11281224818694603
long,2018,2018-06-07,0.6780923994038748
long,2018,2018-07-03,0.5910290237467019
long,2018,2018-07-26,-2.2422422422422423
long,2018,2018-09-21,-0.39622641509433965
long,2018,2018-09-26,0.027477919528949943
long,2018,2018-11-08,-1.2220026350461133
long,2018,2018-11-29,1.1977401129943503
long,2018,2018-12-28,0.09157232704402515
long,2019,2019-05-13,0.46688899475940926
long,2019,2019-05-24,-1.8268506900878294
long,2019,2019-05-31,3.7884187082405347
long,2019,2019-08-01,-0.20824881676808654
long,2019,2019-08-27,0.9239896180941788
long,2019,2019-10-01,-1.1403508771929824
long,2020,2020-01-08,0.17594254937163376
long,2020,2020-01-09,-0.8214285714285714
long,2020,2020-01-10,0.6705202312138728
long,2020,2020-01-13,-0.06851549755301795
long,2020,2020-01-16,0.08247422680412372
long,2020,2020-01-17,0.13511507052709726
long,2020,2020-01-29,1.251877133105802
long,2020,2020-02-04,0.1254980079681275
long,2020,2020-02-05,-0.013585638039786511
long,2020,2020-02-06,-0.1966101694915254
long,2020,2020-02-11,0.11901565995525727
long,2020,2020-02-12,0.289048473967684
long,2020,2020-03-25,0.5680014111836302
long,2020,2020-03-26,0.014632871701071335
long,2020,2020-04-07,0.457353745215965
long,2020,2020-04-17,-0.11303344867358708
long,2020,2020-04-23,0.2562396006655574
long,2020,2020-05-08,0.33513821601595895
long,2020,2020-05-11,-1.2464296566393194
long,2020,2020-05-18,-0.36633396277313196
long,2020,2020-05-26,0.22502363693665303
long,2020,2020-06-02,0.3823529411764706
long,2020,2020-06-03,0.02580169553999263
long,2020,2020-06-08,0.09527410207939509
long,2020,2020-06-09,-0.5405616224648986
long,2020,2020-06-16,-0.3763440860215054
long,2020,2020-06-23,-0.8308711156393275
long,2020,2020-06-30,0.11957525392428438
long,2020,2020-07-01,-0.32505399568034554
long,2020,2020-07-02,-0.06823394495412843
long,2020,2020-07-13,0.961466749533872
long,2020,2020-07-20,-0.32978723404255317
long,2020,2020-07-21,0.45040214477211793
long,2020,2020-07-28,0.644
long,2020,2020-07-29,0.45664739884393063
long,2020,2020-08-04,0.12918892666342882
long,2020,2020-08-05,0.7617647058823529
long,2020,2020-08-10,-1.1719939117199392
long,2020,2020-08-11,0.4973595775324052
long,2020,2020-08-12,0.03380009657170449
long,2020,2020-08-18,-0.58207343412527
long,2020,2020-08-19,0.9029680365296804
long,2020,2020-08-24,0.14823529411764708
long,2020,2020-08-25,0.9051008303677343
long,2020,2020-08-26,-0.1068702290076336
long,2020,2020-08-27,0.3300747556066705
long,2020,2020-09-01,1.0769230769230769
long,2020,2020-09-02,-3.5461077844311375
long,2020,2020-09-15,-0.42719486081370456
long,2020,2020-09-28,-0.2441025641025641
long,2020,2020-10-01,0.33966676410406316
long,2020,2020-10-06,0.3813979086406164
long,2020,2020-10-09,0.46595419847328245
long,2020,2020-10-12,-0.3748884260636715
long,2020,2020-11-03,0.4025301897642324
long,2020,2020-11-04,0.13761955366631246
long,2020,2020-11-05,0.021169354838709672
long,2020,2020-11-16,0.07684964200477327
long,2020,2020-11-27,-0.21894548704200179
long,2020,2020-12-04,-0.00684931506849315
long,2020,2020-12-07,0.6778797145769623
long,2020,2020-12-08,-1.2245333333333335
long,2020,2020-12-17,-0.459578637922587
long,2021,2021-01-06,0.6358131487889274
long,2021,2021-01-14,-0.24147843942505134
long,2021,2021-01-20,-2.021406727828746
long,2021,2021-02-02,1.5079850492694529
long,2021,2021-03-08,0.7063572149344096
long,2021,2021-03-29,3.937340619307832
long,2021,2021-04-15,-1.7108684347373895
long,2021,2021-04-22,2.1275933609958506
long,2021,2021-04-29,0.4961479198767334
long,2021,2021-05-14,-1.7298850574712643
long,2021,2021-05-21,0.2523719165085389
long,2021,2021-05-28,0.5940309241280115
long,2021,2021-06-09,-0.5493670886075949
long,2021,2021-06-22,2.6803911477097273
long,2021,2021-07-12,0.3790931989924433
long,2021,2021-07-21,1.1446179129005751
long,2021,2021-07-29,0.5626911314984709
long,2021,2021-08-06,-2.028368794326241
long,2021,2021-08-23,-0.2910112359550562
long,2021,2021-08-30,0.10218978102189782
long,2021,2021-09-02,-0.3386515697375193
long,2021,2021-09-22,-0.05160339107998526
long,2021,2021-10-15,1.8532374100719424
long,2021,2021-10-29,2.323570432357043
long,2021,2021-11-15,0.6040992448759439
long,2021,2021-11-25,0.46815286624203817
long,2021,2021-12-07,-0.778877887788779
long,2021,2021-12-16,-0.9196850393700787
long,2021,2021-12-22,0.9764138980471722
long,2022,2022-01-26,-1.7812800307514893
long,2022,2022-03-16,1.1433803332722947
long,2022,2022-04-14,-5.429657794676806
long,2022,2022-05-26,-2.6996788913300658
long,2022,2022-06-27,0.5317491234904558
long,2022,2022-07-28,1.5103315713599232
long,2022,2022-08-25,-8.026189715745767
long,2022,2022-10-04,1.1741214057507987
long,2022,2022-11-08,1.6756007393715342
long,2022,2022-12-14,0.6013175230566535
long,2023,2023-01-18,1.8213429256594726
long,2023,2023-02-09,0.3107700739928747
long,2023,2023-02-16,-0.9197651663405088
long,2023,2023-03-09,0.8445475638051044
long,2023,2023-04-20,-0.06918238993710692
long,2023,2023-05-23,1.744107744107744
long,2023,2023-06-23,2.665735567970205
long,2023,2023-07-27,-2.1037324285021812
long,2023,2023-09-05,-0.6698564593301435
long,2023,2023-10-03,2.2738255033557047
long,2023,2023-10-18,-2.3277310924369745
long,2023,2023-10-25,0.9545454545454546
long,2023,2023-11-09,2.655006858710563
long,2024,2024-03-06,-0.23121387283236994
long,2024,2024-04-17,-1.5154995848325492
long,2024,2024-05-24,-1.5271449345613184
long,2024,2024-05-30,4.474591651542649
long,2024,2024-08-29,-1.5169133192389006
long,2024,2024-10-24,-1.5200286123032902
long,2024,2024-11-01,4.481578947368421
long,2024,2024-11-13,-1.516208393632417
long,2024,2024-11-15,2.365226899945325
long,2024,2024-12-20,-1.516990291262136
long,2025,2025-02-03,1.7234042553191489
long,2025,2025-02-25,-7.577981651376147
long,2025,2025-05-21,1.5811688311688312
long,2025,2025-07-15,2.3324208056315996
long,2025,2025-07-31,3.867917155138726
long,2025,2025-09-17,1.4524064171122995
long,2025,2025-10-22,0.9861635220125786
long,2025,2025-11-13,1.7626486360456985
long,2026,2026-02-13,-0.5109717868338558
long,2026,2026-03-19,-0.5096551724137931
long,2026,2026-03-27,-0.5101818181818182
long,2026,2026-03-30,0.4899982139667798
long,2026,2026-04-21,-0.5120507854529804
long,2026,2026-06-08,-0.5141200201714574
long,2026,2026-06-09,-0.5121317157712305
long,2026,2026-06-10,-0.5116158473345779
long,2026,2026-06-18,-0.5089001907183726
long,2026,2026-06-23,-0.5085823754789272
long,2026,2026-08-17,-0.5126926563916591
long,2026,2026-08-24,-0.5195872682756209
long,2026,2026-09-07,-0.5189381129523165
long,2026,2026-09-15,-0.517220172201722
