X,kill,SL,RRR,smer,n,tp,win,be,usd,ptt,t,dd,streak
10,No,2.0,10,long,1400,10.071,10.071,9.091,-20812.5,-0.297,-1.667,-24387.5,55
10,No,2.0,10,short,1395,8.53,8.53,9.091,-43475.0,-0.623,-3.787,-46450.0,61
10,No,3.0,10,long,1386,11.688,11.688,9.091,23112.5,0.334,1.167,-14425.0,41
10,No,3.0,10,short,1390,9.712,9.712,9.091,-20862.5,-0.3,-1.145,-34600.0,46
10,No,5.0,10,long,1306,11.945,11.945,9.091,68412.5,1.048,2.114,-15950.0,36
10,No,5.0,10,short,1344,9.375,9.375,9.091,-24700.0,-0.368,-0.828,-44000.0,75
10,No,7.5,10,long,1158,10.794,10.794,9.091,49487.5,0.855,1.132,-26500.0,46
10,No,7.5,10,short,1248,8.974,8.974,9.091,-36100.0,-0.579,-0.853,-59600.0,67
10,No,10.0,10,long,994,11.368,11.368,9.091,97812.5,1.968,1.774,-38262.5,31
10,No,10.0,10,short,1129,9.655,9.655,9.091,4900.0,0.087,0.089,-51075.0,59
10,No,15.0,10,long,765,11.111,11.111,9.091,105037.5,2.746,1.462,-40850.0,39
10,No,15.0,10,short,889,8.324,8.324,9.091,-82750.0,-1.862,-1.215,-109600.0,52
10,No,2.0,15,long,1393,7.251,7.251,6.25,-13737.5,-0.197,-0.884,-26625.0,69
10,No,2.0,15,short,1391,6.039,6.039,6.25,-39475.0,-0.568,-2.776,-42375.0,78
10,No,3.0,15,long,1351,7.994,7.994,6.25,21337.5,0.316,0.889,-21500.0,41
10,No,3.0,15,short,1366,6.442,6.442,6.25,-27912.5,-0.409,-1.279,-44350.0,81
10,No,5.0,15,long,1212,7.756,7.756,6.25,39262.5,0.648,1.049,-27337.5,60
10,No,5.0,15,short,1293,6.574,6.574,6.25,-17475.0,-0.27,-0.485,-46125.0,75
10,No,7.5,15,long,1034,7.447,7.447,6.25,45100.0,0.872,0.889,-31412.5,48
10,No,7.5,15,short,1167,6.769,6.769,6.25,5737.5,0.098,0.111,-56800.0,88
10,No,10.0,15,long,872,7.683,7.683,6.25,74625.0,1.712,1.184,-34262.5,48
10,No,10.0,15,short,994,5.835,5.835,6.25,-61962.5,-1.247,-1.045,-94825.0,75
10,No,15.0,15,long,604,8.444,8.444,6.25,140325.0,4.647,1.709,-46500.0,60
10,No,15.0,15,short,761,5.125,5.125,6.25,-125987.5,-3.311,-1.722,-158875.0,73
10,No,2.0,20,long,1380,5.58,5.58,4.762,-12012.5,-0.174,-0.669,-29475.0,78
10,No,2.0,20,short,1380,4.13,4.13,4.762,-52800.0,-0.765,-3.4,-57300.0,148
10,No,3.0,20,long,1312,6.555,6.555,4.762,41162.5,0.627,1.446,-18725.0,62
10,No,3.0,20,short,1349,4.522,4.522,4.762,-42725.0,-0.633,-1.759,-54400.0,178
10,No,5.0,20,long,1145,6.026,6.026,4.762,43362.5,0.757,1.023,-30062.5,60
10,No,5.0,20,short,1257,5.251,5.251,4.762,-2650.0,-0.042,-0.064,-43950.0,75
10,No,7.5,20,long,966,5.797,5.797,4.762,50250.0,1.04,0.877,-29787.5,50
10,No,7.5,20,short,1095,4.384,4.384,4.762,-64087.5,-1.171,-1.197,-97975.0,106
10,No,10.0,20,long,783,6.258,6.258,4.762,99550.0,2.543,1.396,-42112.5,70
10,No,10.0,20,short,954,4.298,4.298,4.762,-74687.5,-1.566,-1.133,-98900.0,88
10,No,15.0,20,long,487,6.776,6.776,4.762,139575.0,5.732,1.595,-51925.0,67
10,No,15.0,20,short,657,3.501,3.501,4.762,-150537.5,-4.583,-2.021,-168475.0,86
10,Yes,2.0,10,long,1404,8.262,12.393,9.091,-20475.0,-0.292,-1.742,-23037.5,55
10,Yes,2.0,10,short,1396,7.88,9.026,9.091,-44787.5,-0.642,-3.974,-47762.5,61
10,Yes,3.0,10,long,1404,6.838,16.595,9.091,13800.0,0.197,0.793,-12937.5,30
10,Yes,3.0,10,short,1396,7.88,11.103,9.091,-28875.0,-0.414,-1.674,-40000.0,46
10,Yes,5.0,10,long,1404,3.348,23.362,9.091,47950.0,0.683,1.924,-14475.0,23
10,Yes,5.0,10,short,1396,5.802,15.831,9.091,-6937.5,-0.099,-0.26,-38637.5,26
10,Yes,7.5,10,long,1404,1.068,29.06,9.091,39137.5,0.558,1.305,-17012.5,19
10,Yes,7.5,10,short,1396,3.009,20.344,9.091,-13800.0,-0.198,-0.399,-49175.0,23
10,Yes,10.0,10,long,1404,0.356,34.259,9.091,52612.5,0.749,1.535,-18087.5,18
10,Yes,10.0,10,short,1396,1.504,25.788,9.091,187.5,0.003,0.005,-40987.5,15
10,Yes,15.0,10,long,1404,0.214,41.026,9.091,37125.0,0.529,0.935,-22737.5,18
10,Yes,15.0,10,short,1396,0.43,33.238,9.091,12.5,0.0,0.0,-53250.0,24
10,Yes,2.0,15,long,1404,4.131,10.684,6.25,-21550.0,-0.307,-1.595,-27425.0,64
10,Yes,2.0,15,short,1396,4.656,6.948,6.25,-47475.0,-0.68,-3.583,-50375.0,78
10,Yes,3.0,15,long,1404,2.422,15.812,6.25,13637.5,0.194,0.718,-18750.0,32
10,Yes,3.0,15,short,1396,4.083,9.599,6.25,-33437.5,-0.479,-1.704,-46037.5,46
10,Yes,5.0,15,long,1404,0.997,22.863,6.25,39262.5,0.559,1.525,-16912.5,23
10,Yes,5.0,15,short,1396,2.221,15.258,6.25,-6100.0,-0.087,-0.209,-41225.0,38
10,Yes,7.5,15,long,1404,0.214,28.989,6.25,39450.0,0.562,1.289,-17012.5,19
10,Yes,7.5,15,short,1396,0.716,20.344,6.25,-3912.5,-0.056,-0.106,-46387.5,23
10,Yes,10.0,15,long,1404,0.214,34.259,6.25,59025.0,0.841,1.665,-18087.5,18
10,Yes,10.0,15,short,1396,0.43,25.716,6.25,2250.0,0.032,0.054,-47450.0,24
10,Yes,15.0,15,long,1404,0.071,41.026,6.25,42125.0,0.6,1.032,-22737.5,18
10,Yes,15.0,15,short,1396,0.0,33.238,6.25,-4737.5,-0.068,-0.103,-53250.0,24
10,Yes,2.0,20,long,1404,2.137,10.256,4.762,-21775.0,-0.31,-1.503,-31987.5,78
10,Yes,2.0,20,short,1396,2.794,6.089,4.762,-54325.0,-0.778,-3.82,-57600.0,148
10,Yes,3.0,20,long,1404,1.211,15.741,4.762,22700.0,0.323,1.108,-17912.5,32
10,Yes,3.0,20,short,1396,2.006,8.883,4.762,-46950.0,-0.673,-2.317,-53550.0,48
10,Yes,5.0,20,long,1404,0.285,22.792,4.762,40600.0,0.578,1.537,-17087.5,23
10,Yes,5.0,20,short,1396,0.931,15.258,4.762,2012.5,0.029,0.065,-37937.5,38
10,Yes,7.5,20,long,1404,0.142,28.989,4.762,42350.0,0.603,1.355,-17012.5,19
10,Yes,7.5,20,short,1396,0.43,20.272,4.762,-587.5,-0.008,-0.015,-53337.5,26
10,Yes,10.0,20,long,1404,0.071,34.259,4.762,62775.0,0.894,1.728,-18087.5,18
10,Yes,10.0,20,short,1396,0.072,25.716,4.762,-1775.0,-0.025,-0.043,-47450.0,24
10,Yes,15.0,20,long,1404,0.071,41.026,4.762,45875.0,0.653,1.092,-22737.5,18
10,Yes,15.0,20,short,1396,0.0,33.238,4.762,-4737.5,-0.068,-0.103,-53250.0,24
15,No,2.0,10,long,1075,10.326,10.326,9.091,-11862.5,-0.221,-1.075,-18262.5,40
15,No,2.0,10,short,1080,8.519,8.519,9.091,-33800.0,-0.626,-3.348,-38650.0,107
15,No,3.0,10,long,1070,11.589,11.589,9.091,17287.5,0.323,1.0,-10700.0,46
15,No,3.0,10,short,1078,8.442,8.442,9.091,-37975.0,-0.705,-2.505,-42625.0,59
15,No,5.0,10,long,1027,11.977,11.977,9.091,54712.5,1.065,1.9,-9075.0,30
15,No,5.0,10,short,1065,9.014,9.014,9.091,-27425.0,-0.515,-1.059,-46475.0,55
15,No,7.5,10,long,944,10.275,10.275,9.091,16850.0,0.357,0.435,-35612.5,34
15,No,7.5,10,short,1015,8.966,8.966,9.091,-27087.5,-0.534,-0.713,-48075.0,55
15,No,10.0,10,long,842,10.451,10.451,9.091,36000.0,0.855,0.735,-36675.0,33
15,No,10.0,10,short,934,9.636,9.636,9.091,5787.5,0.124,0.116,-37650.0,42
15,No,15.0,10,long,661,10.893,10.893,9.091,76875.0,2.326,1.161,-39462.5,29
15,No,15.0,10,short,745,9.664,9.664,9.091,12487.5,0.335,0.187,-56600.0,69
15,No,2.0,15,long,1071,7.563,7.563,6.25,-4387.5,-0.082,-0.317,-14900.0,69
15,No,2.0,15,short,1078,5.288,5.288,6.25,-43550.0,-0.808,-3.703,-46475.0,107
15,No,3.0,15,long,1050,8.381,8.381,6.25,28900.0,0.55,1.329,-10525.0,47
15,No,3.0,15,short,1074,5.587,5.587,6.25,-44162.5,-0.822,-2.443,-49287.5,82
15,No,5.0,15,long,984,7.927,7.927,6.25,36400.0,0.74,1.066,-27037.5,34
15,No,5.0,15,short,1042,5.47,5.47,6.25,-57662.5,-1.107,-1.955,-69375.0,69
15,No,7.5,15,long,871,7.463,7.463,6.25,35537.5,0.816,0.761,-33587.5,53
15,No,7.5,15,short,966,6.004,6.004,6.25,-37012.5,-0.766,-0.831,-60912.5,58
15,No,10.0,15,long,746,7.909,7.909,6.25,72462.5,1.943,1.224,-27175.0,48
15,No,10.0,15,short,853,7.034,7.034,6.25,30825.0,0.723,0.515,-39687.5,70
15,No,15.0,15,long,549,7.832,7.832,6.25,85650.0,3.12,1.131,-38375.0,40
15,No,15.0,15,short,621,5.797,5.797,6.25,-51237.5,-1.65,-0.727,-79025.0,69
15,No,2.0,20,long,1064,5.639,5.639,4.762,-6200.0,-0.117,-0.389,-19012.5,69
15,No,2.0,20,short,1077,3.993,3.993,4.762,-44325.0,-0.823,-3.284,-47400.0,121
15,No,3.0,20,long,1032,6.589,6.589,4.762,34775.0,0.674,1.375,-11375.0,47
15,No,3.0,20,short,1065,3.85,3.85,4.762,-57437.5,-1.079,-2.902,-65137.5,116
15,No,5.0,20,long,936,6.197,6.197,4.762,41712.5,0.891,1.072,-33037.5,49
15,No,5.0,20,short,1024,4.102,4.102,4.762,-61137.5,-1.194,-1.834,-73187.5,77
15,No,7.5,20,long,807,5.948,5.948,4.762,47700.0,1.182,0.898,-40425.0,56
15,No,7.5,20,short,924,4.437,4.437,4.762,-47987.5,-1.039,-0.972,-83187.5,114
15,No,10.0,20,long,658,5.623,5.623,4.762,37262.5,1.133,0.599,-51450.0,78
15,No,10.0,20,short,761,5.125,5.125,4.762,9500.0,0.25,0.148,-55650.0,70
15,No,15.0,20,long,467,6.638,6.638,4.762,123275.0,5.279,1.452,-46950.0,59
15,No,15.0,20,short,553,3.617,3.617,4.762,-117600.0,-4.253,-1.696,-127412.5,75
15,Yes,2.0,10,long,1075,7.163,12.372,9.091,-19550.0,-0.364,-1.952,-22750.0,37
15,Yes,2.0,10,short,1080,7.778,8.889,9.091,-36562.5,-0.677,-3.726,-40187.5,107
15,Yes,3.0,10,long,1075,6.047,16.651,9.091,1125.0,0.021,0.077,-11150.0,29
15,Yes,3.0,10,short,1080,7.037,10.185,9.091,-39437.5,-0.73,-2.742,-42900.0,59
15,Yes,5.0,10,long,1075,3.721,23.349,9.091,33512.5,0.623,1.539,-6962.5,24
15,Yes,5.0,10,short,1080,5.926,15.648,9.091,-7912.5,-0.147,-0.336,-44862.5,48
15,Yes,7.5,10,long,1075,1.209,29.209,9.091,24412.5,0.454,0.938,-14887.5,28
15,Yes,7.5,10,short,1080,2.778,21.481,9.091,-3437.5,-0.064,-0.113,-35850.0,38
15,Yes,10.0,10,long,1075,0.279,34.233,9.091,23487.5,0.437,0.811,-17825.0,17
15,Yes,10.0,10,short,1080,1.389,26.944,9.091,25762.5,0.477,0.703,-33187.5,19
15,Yes,15.0,10,long,1075,0.186,41.116,9.091,25237.5,0.47,0.727,-17725.0,13
15,Yes,15.0,10,short,1080,0.463,34.352,9.091,39312.5,0.728,0.91,-36612.5,17
15,Yes,2.0,15,long,1075,3.907,11.163,6.25,-14012.5,-0.261,-1.188,-20025.0,58
15,Yes,2.0,15,short,1080,4.444,6.389,6.25,-45375.0,-0.84,-4.055,-47275.0,107
15,Yes,3.0,15,long,1075,2.977,15.721,6.25,5012.5,0.093,0.303,-9212.5,29
15,Yes,3.0,15,short,1080,3.796,8.889,6.25,-39412.5,-0.73,-2.377,-46862.5,76
15,Yes,5.0,15,long,1075,1.116,23.07,6.25,28800.0,0.536,1.277,-8887.5,28
15,Yes,5.0,15,short,1080,1.852,14.815,6.25,-20987.5,-0.389,-0.846,-45337.5,48
15,Yes,7.5,15,long,1075,0.093,29.209,6.25,19875.0,0.37,0.77,-14887.5,28
15,Yes,7.5,15,short,1080,0.741,21.296,6.25,687.5,0.013,0.021,-35700.0,38
15,Yes,10.0,15,long,1075,0.093,34.233,6.25,25200.0,0.469,0.858,-17825.0,17
15,Yes,10.0,15,short,1080,0.463,26.852,6.25,26387.5,0.489,0.699,-33187.5,25
15,Yes,15.0,15,long,1075,0.093,41.116,6.25,29362.5,0.546,0.82,-17725.0,13
15,Yes,15.0,15,short,1080,0.0,34.352,6.25,35100.0,0.65,0.82,-36612.5,17
15,Yes,2.0,20,long,1075,1.953,10.605,4.762,-14500.0,-0.27,-1.147,-17875.0,58
15,Yes,2.0,20,short,1080,2.87,5.833,4.762,-43962.5,-0.814,-3.519,-46612.5,107
15,Yes,3.0,20,long,1075,1.023,15.349,4.762,-1600.0,-0.03,-0.096,-13325.0,29
15,Yes,3.0,20,short,1080,2.315,8.426,4.762,-40987.5,-0.759,-2.284,-50812.5,76
15,Yes,5.0,20,long,1075,0.186,23.07,4.762,24437.5,0.455,1.095,-8887.5,28
15,Yes,5.0,20,short,1080,0.926,14.722,4.762,-15550.0,-0.288,-0.587,-44512.5,48
15,Yes,7.5,20,long,1075,0.093,29.209,4.762,21750.0,0.405,0.828,-14887.5,28
15,Yes,7.5,20,short,1080,0.37,21.204,4.762,-937.5,-0.017,-0.029,-38225.0,40
15,Yes,10.0,20,long,1075,0.0,34.233,4.762,25575.0,0.476,0.868,-17825.0,17
15,Yes,10.0,20,short,1080,0.0,26.852,4.762,22175.0,0.411,0.595,-33187.5,25
15,Yes,15.0,20,long,1075,0.093,41.116,4.762,33112.5,0.616,0.891,-17725.0,13
15,Yes,15.0,20,short,1080,0.0,34.352,4.762,35100.0,0.65,0.82,-36612.5,17
