vystup,RRR,vstup,X,obchodu,TP,SL,EOD,b_obchod,t,usd,maxdd,kladne_roky,nahodny_long_usd,nad_nahodou_usd
eod,"1,5:1",momentum,10,1523,310,557,656,0.14166119500984897,0.2836488407209502,10787.5,-26362.5,7/11,35389.583333333336,-24602.083333333336
eod,"1,5:1",momentum,15,1181,243,425,513,0.6088060965283658,1.0751478375774082,35950.0,-18100.0,7/11,35389.583333333336,560.4166666666642
eod,"1,5:1",momentum,20,961,181,335,445,0.518990634755463,0.8428102364046478,24937.5,-22900.0,6/11,35389.583333333336,-10452.083333333336
eod,"1,5:1",momentum,30,626,123,209,294,0.5515175718849841,0.7319642343349055,17262.5,-21900.0,6/10,35389.583333333336,-18127.083333333336
eod,"1,5:1",momentum,40,391,70,135,186,-0.7410485933503836,-0.7933739465895776,-14487.5,-18612.5,5/10,35389.583333333336,-49877.083333333336
eod,"1,5:1",fade,10,1488,305,621,562,-0.7321908602150538,-1.421190380411543,-54475.0,-66762.5,3/11,35389.583333333336,-89864.58333333334
eod,"1,5:1",fade,15,1182,262,515,405,-0.7908206429780034,-1.3289787618433124,-46737.5,-52987.5,4/11,35389.583333333336,-82127.08333333334
eod,"1,5:1",fade,20,996,246,434,316,-0.030873493975903613,-0.04648227279214541,-1537.5,-41925.0,6/11,35389.583333333336,-36927.083333333336
eod,"1,5:1",fade,30,670,158,294,218,-0.8380597014925373,-1.0442711208736801,-28075.0,-39075.0,6/11,35389.583333333336,-63464.583333333336
eod,"1,5:1",fade,40,463,121,209,133,-0.34989200863930886,-0.35551036200135366,-8100.0,-39412.5,5/10,35389.583333333336,-43489.583333333336
eod,2:1,momentum,10,1523,170,577,776,0.013460275771503612,0.025310892763196854,1025.0,-24487.5,6/11,35552.916666666664,-34527.916666666664
eod,2:1,momentum,15,1181,137,441,603,0.5584250635055038,0.9218306482949127,32975.0,-22100.0,7/11,35552.916666666664,-2577.9166666666642
eod,2:1,momentum,20,961,117,346,498,0.7021331945889698,1.0532506779175173,33737.5,-18400.0,8/11,35552.916666666664,-1815.4166666666642
eod,2:1,momentum,30,626,72,220,334,0.21365814696485624,0.26590843932092445,6687.5,-19112.5,7/10,35552.916666666664,-28865.416666666664
eod,2:1,momentum,40,391,41,141,209,-1.1214833759590792,-1.1335492105697476,-21925.0,-24075.0,5/10,35552.916666666664,-57477.916666666664
eod,2:1,fade,10,1488,212,643,633,-0.3817204301075269,-0.6754053744008999,-28400.0,-44637.5,4/11,35552.916666666664,-63952.916666666664
eod,2:1,fade,15,1182,165,537,480,-0.9005922165820643,-1.4028357697803227,-53225.0,-56850.0,4/11,35552.916666666664,-88777.91666666666
eod,2:1,fade,20,996,163,452,381,0.07906626506024096,0.109213034612075,3937.5,-44712.5,6/11,35552.916666666664,-31615.416666666664
eod,2:1,fade,30,670,107,309,254,-0.9093283582089552,-1.0431094333108633,-30462.5,-43287.5,7/11,35552.916666666664,-66015.41666666666
eod,2:1,fade,40,463,73,222,168,-1.0480561555075594,-0.9918137482352101,-24262.5,-50550.0,3/10,35552.916666666664,-59815.416666666664
eod,3:1,momentum,10,1523,63,587,873,0.047767564018384764,0.08425362634672146,3637.5,-23762.5,4/11,37827.916666666664,-34190.416666666664
eod,3:1,momentum,15,1181,51,452,678,0.4635901778154107,0.7188092055671358,27375.0,-23225.0,7/11,37827.916666666664,-10452.916666666664
eod,3:1,momentum,20,961,45,358,558,0.4562955254942768,0.6428491872034482,21925.0,-18262.5,7/11,37827.916666666664,-15902.916666666664
eod,3:1,momentum,30,626,29,224,373,0.3031150159744409,0.35103142735113296,9487.5,-26237.5,6/10,37827.916666666664,-28340.416666666664
eod,3:1,momentum,40,391,18,142,231,-0.819693094629156,-0.7633711918271671,-16025.0,-19900.0,5/10,37827.916666666664,-53852.916666666664
eod,3:1,fade,10,1488,83,669,736,-0.6698588709677419,-1.0967976505246042,-49837.5,-65125.0,4/11,37827.916666666664,-87665.41666666666
eod,3:1,fade,15,1182,74,549,559,-0.6163282571912013,-0.8716780078625211,-36425.0,-48037.5,5/11,37827.916666666664,-74252.91666666666
eod,3:1,fade,20,996,76,463,457,0.46059236947791166,0.5737352385898202,22937.5,-49575.0,7/11,37827.916666666664,-14890.416666666664
eod,3:1,fade,30,670,55,319,296,-0.6152985074626866,-0.6328896939980531,-20612.5,-45562.5,6/11,37827.916666666664,-58440.416666666664
eod,3:1,fade,40,463,34,230,199,-0.9946004319654428,-0.8509802359122071,-23025.0,-59987.5,3/10,37827.916666666664,-60852.916666666664
hold,"1,5:1",momentum,10,1313,555,758,0,0.6321401370906321,0.9236207621903882,41500.0,-27950.0,6/11,83187.08333333333,-41687.08333333333
hold,"1,5:1",momentum,15,1063,468,595,0,1.4920037629350893,1.945089127423024,79300.0,-28725.0,8/11,83187.08333333333,-3887.0833333333285
hold,"1,5:1",momentum,20,888,392,496,0,1.566722972972973,1.8734878469744083,69562.5,-21825.0,10/11,83187.08333333333,-13624.583333333328
hold,"1,5:1",momentum,30,596,248,348,0,0.3389261744966443,0.33398883180976113,10100.0,-29400.0,7/10,83187.08333333333,-73087.08333333333
hold,"1,5:1",momentum,40,382,157,225,0,0.04712041884816754,0.03689861297267578,900.0,-18950.0,6/10,83187.08333333333,-82287.08333333333
hold,"1,5:1",fade,10,1268,524,744,0,0.11356466876971609,0.16303213572808,7200.0,-35700.0,6/11,83187.08333333333,-75987.08333333333
hold,"1,5:1",fade,15,1067,436,631,0,-0.14948453608247422,-0.19692757947275014,-7975.0,-46462.5,5/11,83187.08333333333,-91162.08333333333
hold,"1,5:1",fade,20,928,379,549,0,-0.1306573275862069,-0.15991517121400764,-6062.5,-40112.5,7/11,83187.08333333333,-89249.58333333333
hold,"1,5:1",fade,30,639,235,404,0,-2.0841158059467917,-2.1489279301333277,-66587.5,-72575.0,2/11,83187.08333333333,-149774.5833333333
hold,"1,5:1",fade,40,452,178,274,0,-0.894358407079646,-0.7734106086340026,-20212.5,-46825.0,4/10,83187.08333333333,-103399.58333333333
hold,2:1,momentum,10,1226,439,787,0,0.9704323001631321,1.1768089202645897,59487.5,-33575.0,7/11,81662.08333333333,-22174.58333333333
hold,2:1,momentum,15,1002,367,634,0,1.4256487025948104,1.5539398345846744,71425.0,-31800.0,8/11,81662.08333333333,-10237.083333333328
hold,2:1,momentum,20,837,306,531,0,1.4387694145758663,1.4347547192736398,60212.5,-27287.5,8/11,81662.08333333333,-21449.58333333333
hold,2:1,momentum,30,584,209,375,0,0.964041095890411,0.8038476540875692,28150.0,-22525.0,5/10,81662.08333333333,-53512.08333333333
hold,2:1,momentum,40,374,124,250,0,-0.8028074866310161,-0.5401989574176542,-15012.5,-34850.0,4/10,81662.08333333333,-96674.58333333333
hold,2:1,fade,10,1182,412,770,0,0.39488155668358715,0.4708100585800745,23337.5,-56075.0,7/11,81662.08333333333,-58324.58333333333
hold,2:1,fade,15,1013,351,662,0,0.22309970384995065,0.24662610782821484,11300.0,-46012.5,7/11,81662.08333333333,-70362.08333333333
hold,2:1,fade,20,890,308,582,0,0.19775280898876405,0.20435019770942203,8800.0,-51812.5,7/11,81662.08333333333,-72862.08333333333
hold,2:1,fade,30,624,188,436,0,-2.4110576923076925,-2.160060529615669,-75225.0,-84800.0,1/11,81662.08333333333,-156887.0833333333
hold,2:1,fade,40,445,137,308,0,-2.148876404494382,-1.6234214015725763,-47812.5,-67450.0,3/10,81662.08333333333,-129474.58333333333
hold,3:1,momentum,10,1046,289,756,0,1.5779158699808795,1.4237498039414527,82525.0,-33262.5,10/11,94313.75,-11788.75
hold,3:1,momentum,15,892,249,642,0,1.7438340807174888,1.4468553967581388,77775.0,-37150.0,7/11,94313.75,-16538.75
hold,3:1,momentum,20,778,209,569,0,0.9016709511568124,0.7070149802457976,35075.0,-46750.0,7/11,94313.75,-59238.75
hold,3:1,momentum,30,554,142,412,0,-0.18231046931407943,-0.12195085564334407,-5050.0,-38525.0,5/10,94313.75,-99363.75
hold,3:1,momentum,40,365,92,273,0,-0.6390410958904109,-0.34743364315371816,-11662.5,-39900.0,5/10,94313.75,-105976.25
hold,3:1,fade,10,1053,284,769,0,0.9881291547958214,0.8992793494470764,52025.0,-59262.5,8/11,94313.75,-42288.75
hold,3:1,fade,15,904,240,664,0,0.6097898230088495,0.5163210178051586,27562.5,-41675.0,7/11,94313.75,-66751.25
hold,3:1,fade,20,822,222,600,0,0.9647201946472019,0.7725291169062289,39650.0,-53400.0,8/11,94313.75,-54663.75
hold,3:1,fade,30,594,136,458,0,-2.2504208754208754,-1.6188504889187552,-66837.5,-82437.5,2/11,94313.75,-161151.25
hold,3:1,fade,40,434,99,335,0,-2.3963133640552994,-1.479472472344488,-52000.0,-78037.5,3/10,94313.75,-146313.75
