entry,hz,sl,rr,filt,n,loss,exp,exp_DISC,exp_VAL,exp_TEST,longest,ge10,iid_ge10,ge10_per1000
GRID long,EOD,10,3,bez filtru,10246,0.6230724185047823,-0.038510133,-0.046368614,-0.050203763,-0.025944006,18,65,34.05630585039407,6.3439390981846575
GRID long,EOD,10,3,bez rozjeté korekce,7326,0.6074256074256075,-0.03695058,-0.041265793,-0.05554008,-0.022660045,18,43,19.666172681969634,5.86950586950587
GRID long,EOD,10,5,bez filtru,9290,0.6364908503767492,-0.03538751,-0.044434387,-0.045680616,-0.02129583,23,77,36.85129131589113,8.288482238966631
GRID long,EOD,10,5,bez rozjeté korekce,6702,0.6163831692032229,-0.031628616,-0.041232955,-0.056283418,-0.0067070867,23,44,20.35212640876623,6.565204416592062
GRID long,EOD,10,10,bez filtru,8840,0.633710407239819,-0.034821827,-0.04439683,-0.03506886,-0.026129043,23,72,33.82090613958871,8.144796380090499
GRID long,EOD,10,10,bez rozjeté korekce,6466,0.6153727188369935,-0.035949584,-0.040981397,-0.05482055,-0.017964195,23,44,19.366813660789077,6.804825239715434
GRID long,EOD,20,3,bez filtru,6558,0.541171088746569,-0.016232083,-0.015536457,-0.030881934,-0.0061141327,18,13,6.482881121386794,1.982311680390363
GRID long,EOD,20,3,bez rozjeté korekce,4870,0.5246406570841889,-0.0076617044,-0.015154976,-0.026207382,0.014850297,14,10,3.6573828822144034,2.053388090349076
GRID long,EOD,20,5,bez filtru,6355,0.5400472069236821,-0.015643196,-0.015426754,-0.024934474,-0.008758923,18,16,6.168024047186548,2.5177025963808024
GRID long,EOD,20,5,bez rozjeté korekce,4754,0.5241901556583929,-0.008734749,-0.013948169,-0.02587136,0.010815942,14,9,3.543082023754747,1.8931426167437948
GRID long,EOD,20,10,bez filtru,6310,0.5391442155309033,-0.013234943,-0.015426754,-0.019252192,-0.006213218,18,14,6.034536278214023,2.218700475435816
GRID long,EOD,20,10,bez rozjeté korekce,4735,0.5235480464625132,-0.008239176,-0.013948169,-0.025230313,0.011800701,15,9,3.4906357284267315,1.9007391763463568
GRID long,EOD,30,3,bez filtru,5612,0.5024946543121882,-0.012505935,-0.009445421,-0.017415728,-0.0122551555,12,6,2.865694390567262,1.069137562366358
GRID long,EOD,30,3,bez rozjeté korekce,4287,0.49288546769302544,-0.008638516,-0.008667724,-0.02134745,0.0019637935,11,5,1.83958421846733,1.166316771635176
GRID long,EOD,30,5,bez filtru,5571,0.5015257583916711,-0.009715487,-0.009342993,-0.014570856,-0.006112653,12,5,2.7958142424364913,0.8975049362771494
GRID long,EOD,30,5,bez rozjeté korekce,4268,0.49226804123711343,-0.008470006,-0.008619325,-0.021643518,0.0027434395,11,5,1.8108201890662639,1.1715089034676662
GRID long,EOD,30,10,bez filtru,5557,0.5009897426669067,-0.009248092,-0.009342993,-0.013794441,-0.0052932235,12,6,2.762092452240324,1.0797192729890228
GRID long,EOD,30,10,bez rozjeté korekce,4262,0.49202252463632096,-0.008431093,-0.008619325,-0.021719279,0.0029305504,11,5,1.800146090270597,1.1731581417175034
GRID long,5D,10,3,bez filtru,7911,0.7335355833649349,-0.01509923,-0.0122940345,-0.011650024,-0.017860511,18,100,95.0785318678747,12.640626975097964
GRID long,5D,10,3,bez rozjeté korekce,5437,0.7320213352951995,-0.020829488,-0.01771942,-0.015419825,-0.024570135,18,65,64.37199108863598,11.955122310097481
GRID long,5D,10,5,bez filtru,6042,0.8030453492221119,-0.0016923732,-0.035655435,0.037905794,-0.007179433,30,152,132.7234536046931,25.157232704402517
GRID long,5D,10,5,bez rozjeté korekce,4212,0.7977207977207977,-0.014209445,-0.058849584,0.01442693,-0.0064396095,29,88,88.90961784164506,20.892687559354226
GRID long,5D,10,10,bez filtru,4508,0.84472049689441,0.024096008,-0.024391843,0.08638884,0.01628937,53,131,129.48765424237433,29.059449866903282
GRID long,5D,10,10,bez rozjeté korekce,3277,0.8342996643271284,0.00077047804,-0.029742347,0.04638437,-0.0050611054,50,80,88.71979263876814,24.412572474824536
GRID long,5D,20,3,bez filtru,3393,0.6887709991158267,0.01315574,0.010355218,0.053250268,-0.0053974227,20,41,25.37537363568308,12.083701738874153
GRID long,5D,20,3,bez rozjeté korekce,2367,0.6768060836501901,0.01717362,-0.015444817,0.05086129,0.017786834,23,22,15.427799045804134,9.294465568229827
GRID long,5D,20,5,bez filtru,2703,0.7254901960784313,0.040686276,0.02432008,0.098921485,0.017670063,32,51,29.972252660957828,18.867924528301884
GRID long,5D,20,5,bez rozjeté korekce,1958,0.7058222676200204,0.039204553,0.0049145333,0.08800607,0.034598973,30,33,17.675676281147332,16.853932584269664
GRID long,5D,20,10,bez filtru,2231,0.7194083370685791,0.07938706,0.018571936,0.15537192,0.07583882,37,44,23.244970415488716,19.722097714029584
GRID long,5D,20,10,bez rozjeté korekce,1696,0.6981132075471698,0.07492632,0.0045336755,0.14032169,0.09241472,32,32,14.077596259654237,18.867924528301884
GRID long,5D,30,3,bez filtru,2134,0.6293345829428304,0.04222122,0.016990988,0.12849705,0.008240138,17,20,7.708900839045483,9.37207122774133
GRID long,5D,30,3,bez rozjeté korekce,1567,0.6190172303765157,0.025611605,0.0019333439,0.07453707,0.014381579,16,14,4.931757447761065,8.934269304403319
GRID long,5D,30,5,bez filtru,1832,0.6397379912663755,0.06253642,0.020703146,0.16689672,0.030615764,24,24,7.578187720395011,13.100436681222707
GRID long,5D,30,5,bez rozjeté korekce,1397,0.6256263421617753,0.03982943,0.0062247077,0.10244824,0.029690372,20,12,4.804541555815911,8.589835361488905
GRID long,5D,30,10,bez filtru,1660,0.6253012048192771,0.06959341,0.022115398,0.15357944,0.053393193,24,22,5.684379171009909,13.25301204819277
GRID long,5D,30,10,bez rozjeté korekce,1326,0.6206636500754148,0.036419086,0.0062247077,0.090586014,0.028419312,20,11,4.267083058844497,8.295625942684767
Test 5denního low,EOD,10,3,bez filtru,1385,0.6231046931407942,-0.030054137,-0.06355632,0.09028575,-0.07949677,17,7,4.605541776939619,5.054151624548736
Test 5denního low,EOD,10,3,bez rozjeté korekce,655,0.5908396946564886,-0.006679376,-0.041253638,0.11473887,-0.03146066,11,1,1.3894132760298414,1.5267175572519083
Test 5denního low,EOD,10,5,bez filtru,1364,0.6348973607038123,-0.011143693,-0.040272877,0.10833336,-0.06470267,17,9,5.299861979498496,6.5982404692082115
Test 5denního low,EOD,10,5,bez rozjeté korekce,649,0.5993836671802774,0.013713414,-0.02769679,0.19526522,-0.042385075,11,1,1.5560458628467853,1.5408320493066257
Test 5denního low,EOD,10,10,bez filtru,1359,0.637233259749816,0.005849896,-0.031690132,0.14948682,-0.05561111,17,10,5.442911490483018,7.358351729212656
Test 5denního low,EOD,10,10,bez rozjeté korekce,648,0.6003086419753086,0.04093364,-0.025218658,0.29602277,-0.022543365,11,1,1.5741485680032885,1.5432098765432098
Test 5denního low,EOD,20,3,bez filtru,1114,0.5457809694793537,-0.012971274,-0.027484467,0.042472117,-0.034806628,13,2,1.1866821265195073,1.7953321364452424
Test 5denního low,EOD,20,3,bez rozjeté korekce,555,0.5171171171171172,0.005855854,-0.029347824,0.1657366,-0.04539931,10,1,0.3664577663498592,1.8018018018018018
Test 5denního low,EOD,20,5,bez filtru,1110,0.5477477477477477,-0.007240991,-0.023602482,0.071561344,-0.04437849,13,3,1.2204211404757253,2.7027027027027026
Test 5denního low,EOD,20,5,bez rozjeté korekce,555,0.5171171171171172,0.020675674,-0.029765885,0.22064734,-0.030121531,10,1,0.3664577663498592,1.8018018018018018
Test 5denního low,EOD,20,10,bez filtru,1108,0.5496389891696751,-0.014034294,-0.027122147,0.024765925,-0.025314245,13,3,1.2556710109498597,2.707581227436823
Test 5denního low,EOD,20,10,bez rozjeté korekce,554,0.51985559566787,0.010830323,-0.029765885,0.15979727,-0.019704863,10,1,0.38345011021872594,1.8050541516245489
Test 5denního low,EOD,30,3,bez filtru,1017,0.5103244837758112,-0.0014913117,-0.0061242827,0.056979164,-0.03945686,11,1,0.5966139338150311,0.9832841691248771
Test 5denního low,EOD,30,3,bez rozjeté korekce,526,0.48859315589353614,0.021023452,-0.0028253442,0.11245957,0.0022900887,8,0,0.20855762462646263,0.0
Test 5denního low,EOD,30,5,bez filtru,1016,0.5118110236220472,0.00018865058,-0.0061242827,0.047489543,-0.02657081,11,1,0.6117557123981335,0.984251968503937
Test 5denního low,EOD,30,5,bez rozjeté korekce,525,0.49142857142857144,0.016238099,-0.0028253442,0.072385624,0.01501273,8,0,0.2193387110194336,0.0
Test 5denního low,EOD,30,10,bez filtru,1015,0.5123152709359606,-0.003300491,-0.0061242827,0.029411774,-0.023988279,11,1,0.6165640699734334,0.9852216748768472
Test 5denního low,EOD,30,10,bez rozjeté korekce,525,0.49142857142857144,0.017444447,-0.0028253442,0.07859477,0.01501273,8,0,0.2193387110194336,0.0
Test 5denního low,5D,10,3,bez filtru,1245,0.7244979919678715,0.0102811325,0.0008771932,0.09021409,-0.037012983,17,13,13.666773004241637,10.441767068273093
Test 5denního low,5D,10,3,bez rozjeté korekce,577,0.6932409012131716,0.11299828,0.18600003,0.12719998,-0.010451963,12,2,4.537483388159802,3.4662045060658575
Test 5denního low,5D,10,5,bez filtru,1196,0.7792642140468228,0.07548073,0.043095756,0.14120966,0.062128097,21,27,21.799736986797452,22.5752508361204
Test 5denního low,5D,10,5,bez rozjeté korekce,559,0.7441860465116279,0.17647581,0.2071033,0.33592436,0.015088708,16,10,7.449914094024392,17.889087656529515
Test 5denního low,5D,10,10,bez filtru,1165,0.8283261802575107,0.068948455,0.026407639,0.27996686,-0.038066912,42,36,30.411922527769924,30.901287553648068
Test 5denního low,5D,10,10,bez rozjeté korekce,551,0.7840290381125227,0.20517242,0.18712963,0.75720316,-0.16457061,29,12,10.444037945069834,21.77858439201452
Test 5denního low,5D,20,3,bez filtru,853,0.6623681125439624,0.07140972,0.0336221,0.10489868,0.0836509,13,8,4.681517533592786,9.378663540445485
Test 5denního low,5D,20,3,bez rozjeté korekce,427,0.6159250585480094,0.14115925,0.12631248,0.35052082,0.0104007395,14,3,1.2886132205796081,7.02576112412178
Test 5denního low,5D,20,5,bez filtru,831,0.7075812274368231,0.076699756,0.049051147,0.18073395,0.030564515,25,14,7.644855773782023,16.84717208182912
Test 5denního low,5D,20,5,bez rozjeté korekce,420,0.6428571428571429,0.20514883,0.15356249,0.58644724,-0.0020999995,19,4,1.8081564156448788,9.523809523809526
Test 5denního low,5D,20,10,bez filtru,817,0.7209302325581395,0.12050186,0.080445535,0.2715212,0.0546772,25,17,8.647035252956856,20.8078335373317
Test 5denního low,5D,20,10,bez rozjeté korekce,415,0.6506024096385542,0.30798194,0.1698125,0.7931944,0.17970002,19,4,1.9702651549173082,9.63855421686747
Test 5denního low,5D,30,3,bez filtru,684,0.6271929824561403,0.06369399,0.0787879,0.09531838,0.026350504,17,5,2.401884309387995,7.309941520467836
Test 5denního low,5D,30,3,bez rozjeté korekce,365,0.5753424657534246,0.14940642,0.12935396,0.41974214,-0.036407735,16,3,0.6160216858717726,8.21917808219178
Test 5denního low,5D,30,5,bez filtru,669,0.6457399103139013,0.095764846,0.09308303,0.12649328,0.07668042,17,6,2.9876150360107263,8.968609865470851
Test 5denního low,5D,30,5,bez rozjeté korekce,360,0.5888888888888889,0.21131946,0.14719102,0.513786,0.0817657,16,3,0.7423271024922754,8.333333333333334
Test 5denního low,5D,30,10,bez filtru,664,0.6506024096385542,0.096059285,0.08451912,0.16750002,0.057780135,17,7,3.1524242478676934,10.542168674698795
Test 5denního low,5D,30,10,bez rozjeté korekce,358,0.5921787709497207,0.22632684,0.14719102,0.6007384,0.07293733,16,3,0.7742499725530574,8.379888268156424
5d VAL long,EOD,10,3,bez filtru,1068,0.6058052434456929,-0.12008424,-0.055198006,-0.13311565,-0.21932203,14,9,2.8029307984487084,8.426966292134832
5d VAL long,EOD,10,3,bez rozjeté korekce,698,0.5787965616045845,-0.09749282,-0.04561642,-0.12594932,-0.17999996,18,4,1.240528525844721,5.730659025787966
5d VAL long,EOD,10,5,bez filtru,1068,0.6151685393258427,-0.11846909,-0.05668316,-0.1572761,-0.18898304,15,11,3.18994349712836,10.299625468164793
5d VAL long,EOD,10,5,bez rozjeté korekce,698,0.5830945558739254,-0.08223495,-0.047602728,-0.12310125,-0.11757139,18,5,1.322156471322669,7.163323782234958
5d VAL long,EOD,10,10,bez filtru,1068,0.6170411985018727,-0.114957854,-0.05668316,-0.15046641,-0.18245761,15,11,3.2723890218005636,10.299625468164793
5d VAL long,EOD,10,10,bez rozjeté korekce,698,0.5845272206303725,-0.07349569,-0.047602728,-0.11155061,-0.09314283,18,5,1.3503470579830874,7.163323782234958
5d VAL long,EOD,20,3,bez filtru,1068,0.5318352059925093,-0.03334504,-0.016435642,-0.10778918,0.005338973,12,2,0.9051922656920008,1.8726591760299625
5d VAL long,EOD,20,3,bez rozjeté korekce,698,0.5143266475644699,-0.03558381,-0.012808217,-0.085759476,-0.03778572,8,0,0.4391268149230346,0.0
5d VAL long,EOD,20,5,bez filtru,1068,0.5337078651685393,-0.04064841,-0.0142821735,-0.09878731,-0.032966096,12,2,0.933824733472152,1.8726591760299625
5d VAL long,EOD,20,5,bez rozjeté korekce,698,0.5143266475644699,-0.031249998,-0.009828767,-0.070490494,-0.040499993,8,0,0.4391268149230346,0.0
5d VAL long,EOD,20,10,bez filtru,1068,0.5337078651685393,-0.035533708,-0.0142821735,-0.08591419,-0.026144072,12,2,0.933824733472152,1.8726591760299625
5d VAL long,EOD,20,10,bez rozjeté korekce,698,0.5143266475644699,-0.02517908,-0.009828767,-0.048655044,-0.036000002,8,0,0.4391268149230346,0.0
5d VAL long,EOD,30,3,bez filtru,1068,0.5065543071161048,-0.02194912,-0.009950496,-0.06890547,0.00016950187,10,1,0.5862336444548931,0.9363295880149812
5d VAL long,EOD,30,3,bez rozjeté korekce,698,0.49283667621776506,-0.02595511,-0.008264841,-0.08407172,-0.010380936,8,0,0.29924951934147137,0.0
5d VAL long,EOD,30,5,bez filtru,1068,0.5065543071161048,-0.018156987,-0.009950496,-0.061442774,0.007118658,10,1,0.5862336444548931,0.9363295880149812
5d VAL long,EOD,30,5,bez rozjeté korekce,698,0.49283667621776506,-0.021860074,-0.008264841,-0.071413495,-0.0054761777,8,0,0.29924951934147137,0.0
5d VAL long,EOD,30,10,bez filtru,1068,0.5065543071161048,-0.017563978,-0.009950496,-0.059079595,0.007118658,10,1,0.5862336444548931,0.9363295880149812
5d VAL long,EOD,30,10,bez rozjeté korekce,698,0.49283667621776506,-0.02095272,-0.008264841,-0.06740505,-0.0054761777,8,0,0.29924951934147137,0.0
5d VAL long,5D,10,3,bez filtru,888,0.7466216216216216,-0.120439194,-0.02227394,-0.14363837,-0.23055553,16,16,12.111227005896488,18.01801801801802
5d VAL long,5D,10,3,bez rozjeté korekce,583,0.7375643224699828,-0.09789878,-0.025716843,-0.1310606,-0.18953486,18,11,7.289377451420251,18.867924528301884
5d VAL long,5D,10,5,bez filtru,870,0.7804597701149425,-0.055804636,0.08391422,-0.14259264,-0.17455523,26,21,16.01542927319321,24.137931034482758
5d VAL long,5D,10,5,bez rozjeté korekce,571,0.7705779334500875,-0.054684795,0.043206494,-0.15307693,-0.14090912,22,17,9.67023388433889,29.7723292469352
5d VAL long,5D,10,10,bez filtru,859,0.8044237485448196,-0.015512256,0.10510752,-0.026768856,-0.17000006,47,21,19.061545809837277,24.447031431897557
5d VAL long,5D,10,10,bez rozjeté korekce,570,0.7947368421052632,-0.06732458,0.026902158,-0.1403101,-0.16787884,35,17,11.760325037622506,29.82456140350877
5d VAL long,5D,20,3,bez filtru,737,0.649932157394844,-0.00045795,0.10857264,-0.12252675,-0.03764764,25,5,3.4697641978421414,6.784260515603799
5d VAL long,5D,20,3,bez rozjeté korekce,492,0.6463414634146342,-0.039964445,0.045339912,-0.14380631,-0.09174838,15,9,2.213958217358458,18.29268292682927
5d VAL long,5D,20,5,bez filtru,720,0.6722222222222223,0.035190973,0.11608952,-0.0020380176,-0.036041673,31,9,4.446728921643284,12.5
5d VAL long,5D,20,5,bez rozjeté korekce,485,0.6659793814432989,-0.033015456,0.042105265,-0.07352274,-0.119217694,33,7,2.7804996953646426,14.43298969072165
5d VAL long,5D,20,10,bez filtru,715,0.6825174825174826,0.033286728,0.09788851,0.014344314,-0.033050843,31,11,4.979246871974176,15.384615384615385
5d VAL long,5D,20,10,bez rozjeté korekce,482,0.6701244813278008,-0.028967842,0.043695178,-0.084518366,-0.10146548,33,8,2.9037014753696995,16.597510373443985
5d VAL long,5D,30,3,bez filtru,652,0.5920245398773006,0.02369635,0.056660354,0.0005051006,0.0018311574,13,3,1.406950201567223,4.601226993865031
5d VAL long,5D,30,3,bez rozjeté korekce,443,0.582392776523702,-0.036700483,0.02268294,-0.036084104,-0.12734562,14,4,0.8304844895374269,9.029345372460496
5d VAL long,5D,30,5,bez filtru,642,0.6090342679127726,0.018769495,0.045580816,0.027540673,-0.021027984,14,6,1.7623453410335115,9.345794392523365
5d VAL long,5D,30,5,bez rozjeté korekce,442,0.5859728506787331,0.008861265,0.025487816,0.05202269,-0.049751226,14,4,0.8734258416597841,9.04977375565611
5d VAL long,5D,30,10,bez filtru,640,0.609375,0.019843781,0.045580816,0.007770983,-0.0028168494,14,6,1.7651691924957909,9.375
5d VAL long,5D,30,10,bez rozjeté korekce,440,0.5863636363636363,-0.012594671,0.025487816,-0.016176438,-0.06854634,14,4,0.874463491867943,9.09090909090909
