side,filt,dwin_DISC,dwin_VAL,dwin_TEST,dexp_DISC,dexp_VAL,dexp_TEST,n_cfg,win_consistent,exp_consistent
long,bal=balance,0.009204688,0.036776964,0.004203588,-0.0057272534,0.0759155,0.0045198253,1980,True,False
long,bal=normal,-0.009580002,-0.038717948,-0.00072914216,0.012968761,-0.10569357,0.0005794906,1980,True,False
long,bal=trend,-0.057799913,-0.056670554,-0.044375386,-0.06653018,-0.03897606,-0.05565936,876,True,True
long,dd=0-3%,0.025069678,0.016626641,0.017072823,-0.006032387,-0.04410054,-0.010959988,1980,True,True
long,dd=3-7%,-0.008209542,-0.028879961,-0.023368202,0.046073444,-0.023160368,-0.053110346,1980,True,False
long,dd=7-15%,0.0077830665,-0.013618717,-0.011951013,0.13565221,0.2713531,0.0572145,1806,False,True
long,dd=>15%,-0.08449506,-0.084127,0.00066632795,-0.107762836,0.36763445,0.06679488,1954,False,False
long,flatD=flat,0.03425155,0.011094566,0.024544341,0.032425165,0.0132249845,0.015124127,1593,True,True
long,flatD=slope,-0.0017126678,0.0020784896,-0.00082137797,-0.00048196086,0.0028034972,-0.00032032694,1980,False,False
long,flatM=flat,-0.019106012,-0.017032461,-0.0027930087,-0.056955606,-0.013424693,0.018780863,1980,True,False
long,flatM=slope,0.013550561,0.010145129,0.0022810209,0.035307243,0.0087146405,-0.008964286,1980,True,False
long,flatW=flat,-0.0014251992,0.011302572,-0.005953288,-0.019188752,-0.037853565,-0.030158643,1980,False,True
long,flatW=slope,-0.0009910001,-0.001586791,0.004303674,0.0016023264,0.020367738,0.0062568216,1980,False,True
long,locD=<-2sd,0.008895348,0.0055851634,0.00056442426,0.007932685,-0.045849748,-0.02183617,1800,True,False
long,locD=>+2sd,0.008438021,0.07280351,0.097640015,0.01588433,0.08471008,0.37362924,360,True,True
long,locD=above,0.014965088,-0.019619506,0.0017920481,0.043447543,-0.042445306,0.024649853,1739,False,False
long,locD=below,-0.005605196,-0.0025105944,0.007505945,-0.013638082,-0.00084960705,0.021720866,1980,False,False
long,locM=<-2sd,-0.011528893,-0.03752312,-0.03121332,0.035464667,-0.004619536,-0.069754586,1538,True,False
long,locM=>+2sd,0.042785756,0.00036297206,0.027584197,0.041845005,-0.07588486,0.057705697,658,True,False
long,locM=above,0.041610874,0.04276918,0.022137394,0.038570672,0.049640343,0.012931044,1800,True,True
long,locM=below,-0.032010578,-0.021940794,-0.00045446452,-0.04189117,-0.03760587,0.021651227,1980,True,False
long,locW=<-2sd,-0.017788667,-0.021467041,0.011720195,-0.032955237,-0.10777744,0.04461242,1800,False,False
long,locW=>+2sd,0.05677375,0.08289507,0.04178222,0.031550623,0.06287786,0.064745836,360,True,True
long,locW=above,0.013667402,0.029563772,0.011666424,0.010865271,0.026936142,0.015595881,1620,True,True
long,locW=below,-0.0040294006,0.0035471355,0.00028636126,-0.011714394,0.02444272,-0.008205359,1980,False,False
long,regime=corr,0.002177095,-0.052922897,-0.028861122,0.050546598,-0.035072904,-0.048842926,1980,False,False
long,regime=down,0.034520555,-0.0027288105,-0.012896022,0.22197594,0.22531563,0.03998556,1910,False,True
long,regime=mixed,-0.081142,-0.04030882,-0.033511233,-0.13707276,0.031284746,-0.021168612,1980,True,False
long,regime=up,0.030702526,0.024871886,0.026981877,-0.014814974,-0.018012557,0.009514584,1980,True,False
long,rsi2=mid,-0.0024539172,0.00102183,-0.00814483,-0.007542792,0.0003850181,-0.040811528,1980,False,False
long,rsi2=ob,0.04155938,0.047297526,0.030459026,-0.003818007,0.004594215,-0.051369905,1440,True,False
long,rsi2=os,-0.016244767,-0.043611843,0.018820971,0.03911844,-0.04504179,0.19221243,1944,False,False
long,rsiD=mid,0.0005704134,0.0021417637,-0.0012239689,0.0005551347,0.005990696,-0.0057299603,1980,False,False
long,rsiD=ob,0.020728705,0.049101092,0.021312114,-0.08133387,-0.009087396,-0.08165119,1260,True,True
long,rsiD=os,-0.032041185,-0.12979603,-0.035740837,0.15942277,-0.11320321,0.10424102,381,True,False
long,rsiM=mid,0.025053067,-0.0114818495,0.005886492,0.042368677,0.029964827,0.027239691,1980,False,True
long,rsiM=ob,-0.012834467,0.018821137,-0.029672392,-0.05084929,-0.03835018,-0.13934086,1980,False,True
long,rsiM=os,-0.057488766,,,-0.061772987,,,1980,False,False
long,rsiW=mid,0.0026742422,-0.005561116,-0.0005092941,0.014604619,0.01649378,0.0025216716,1980,False,True
long,rsiW=ob,-0.010120852,0.030295648,0.017097995,-0.123697646,-0.09059401,-0.06297164,1800,False,True
long,rsiW=os,-0.065845124,-0.07650643,-0.0077705113,0.09923147,0.13031258,0.49767753,146,True,True
long,tests=1,-0.0134897325,-0.005683499,-0.0074443254,-0.024464693,-0.028784616,-0.009016578,1080,True,True
long,tests=2,0.0011543444,0.004186025,0.018366942,-0.004842038,0.0043567684,0.049350977,1080,True,False
long,tests=3,-0.006693006,0.014491471,-0.010255701,-0.01712144,0.054883473,-0.08837739,1080,False,False
long,tests=4,-0.004138683,0.0071437038,0.0076466743,-0.04541051,0.060410842,-0.033013027,936,False,False
long,tests=5,-0.0031496512,0.013015144,0.02110222,-0.025837913,-0.0015212543,0.012717756,1080,False,False
long,tod=ny_am,0.0021400792,0.007964989,-0.005066302,0.0009427687,0.03460035,-0.008430129,1980,False,False
long,tod=ny_pm,0.0014580957,-0.007920651,0.010710087,0.0054551885,-0.059823748,-0.010580762,1980,False,False
long,va5=above,0.039602954,0.022222662,0.035978645,0.030561326,-0.032269903,-0.027367763,1440,True,False
long,va5=below,-0.012396655,-0.02287113,-0.008143826,0.0053910175,9.687653e-06,0.025010535,1980,True,True
long,va5=inside,0.003125826,0.022447845,-0.00035861696,-0.0049212687,0.007480287,-0.022275748,1620,False,False
short,bal=balance,-0.0063093733,-0.0010467132,-0.00034742753,-0.00865483,-0.013128019,-0.0071489853,1980,True,True
short,bal=normal,0.015334839,-0.0027880277,-0.0060250936,0.027305473,-0.011940298,-0.031778894,1980,False,False
short,bal=trend,-0.021842727,-0.026268523,0.0011222168,-0.036157005,0.049329698,0.09143674,910,False,False
short,dd=0-3%,0.010735625,0.016844092,0.014324833,0.0020679787,0.004561573,0.01195945,1980,True,True
short,dd=3-7%,-0.031390384,-0.0065656668,0.020393092,-0.036328606,0.039403502,0.08600159,1926,False,False
short,dd=7-15%,-0.048666988,-0.05379588,-0.03409741,-0.07560959,-0.064645745,-0.07021528,1661,True,True
short,dd=>15%,0.0174253,-0.086462565,-0.050435606,0.08001171,-0.06012829,-0.104687124,1935,False,False
short,flatD=flat,0.0061599254,0.026541185,0.024850747,0.0105536245,0.028553514,0.010796667,1620,True,True
short,flatD=slope,-0.0029639583,-0.0036547421,-0.0017674848,-0.0045200987,-0.003398002,-0.0028662211,1980,True,True
short,flatM=flat,0.014965999,0.0016477096,0.0003330854,0.062990434,-0.04030665,0.011083893,1980,True,False
short,flatM=slope,-0.006521507,-0.0013888371,4.3920216e-05,-0.030717827,0.009819011,-0.0048284396,1980,False,False
short,flatW=flat,-0.01069119,0.008213501,0.0015558203,-0.011128009,0.0091140885,0.029957086,1980,False,False
short,flatW=slope,0.0041768663,-0.0006908115,0.0003715789,0.0069179726,-0.0060866363,-0.0111008575,1980,False,False
short,locD=<-2sd,0.012368719,-0.028761405,0.06380901,-0.057011608,-0.039150827,0.19124421,464,False,False
short,locD=>+2sd,0.0013844325,0.01082855,-0.0040739127,0.0004447976,0.027544064,-0.015669242,1800,False,False
short,locD=above,0.0010008038,-0.006136608,-0.004899297,0.0005526185,-0.025849676,-0.023650024,1980,False,False
short,locD=below,-0.012406154,0.008255148,0.0074484386,-0.043566734,0.004590918,0.032102916,1638,False,False
short,locM=<-2sd,0.025807042,-0.06389801,0.003320336,0.020485224,-0.16057232,0.0028483963,360,False,False
short,locM=>+2sd,-0.0063838363,0.0462731,0.010109087,0.009669323,0.055765793,-0.06787018,1531,False,False
short,locM=above,-0.002778952,-0.005262287,0.00014477652,-0.0029790527,-0.042660076,-0.00039380314,1980,False,True
short,locM=below,0.007771462,-0.0013553645,-0.0033240411,0.005132496,0.060615223,0.03270517,1622,False,True
short,locW=<-2sd,0.057636082,-0.07960219,0.0011736619,0.05760578,-0.20634285,0.08541662,360,False,False
short,locW=>+2sd,-0.02250756,0.01370143,-0.019363651,-0.04624693,-0.02590468,-0.1435917,1800,False,True
short,locW=above,0.002156841,3.7813978e-05,0.002914179,0.012869056,-0.009364125,0.018329822,1980,True,False
short,locW=below,-0.0019189131,0.0117637385,0.016649727,-0.009732103,0.03843634,0.055312496,1440,False,False
short,regime=corr,-0.013490431,-0.009553839,0.017370583,-0.065438956,-0.020212233,0.12606873,1800,False,False
short,regime=down,-0.07444624,-0.041793615,-0.040288903,-0.16294953,-0.060360298,-0.07475539,1930,True,True
short,regime=mixed,0.021974517,-0.04620913,-0.024952667,0.11980593,-0.0015032988,-0.06470423,1953,False,False
short,regime=up,0.02006817,0.017421432,0.018630328,0.02803552,0.016994135,0.014255736,1980,True,True
short,rsi2=mid,-0.0048471303,-0.005244449,0.00050217443,-0.0062238444,-0.007688135,0.028776444,1980,False,False
short,rsi2=ob,0.017079527,0.029315125,0.00946206,0.03429356,0.03513882,-0.07274119,1980,True,False
short,rsi2=os,0.005010027,-0.034471102,-0.018991703,-0.027731745,-0.038946953,-0.08962722,1440,False,True
short,rsiD=mid,-0.0031357962,0.0024088176,-0.00029101226,-0.0020218363,0.0029856102,0.005129339,1980,False,False
short,rsiD=ob,0.05237799,-0.00081131037,0.037250787,0.062450003,-0.045924533,-0.0036498306,1334,False,False
short,rsiD=os,-0.09306714,-0.08873706,-0.09347704,-0.11954977,-0.08001833,-0.25114015,496,True,True
short,rsiM=mid,-0.009904642,-0.014665804,-0.0067084213,-0.029430391,-0.022456227,-0.03378462,1980,True,True
short,rsiM=ob,0.015271623,0.020643307,0.044175763,0.027560063,0.032742124,0.22452739,1980,True,True
short,rsiM=os,0.012787834,,,0.055959716,,,1980,False,False
short,rsiW=mid,-0.0045595183,-0.0025713136,-0.0015428565,-0.010196893,-0.0056631044,-0.0011455503,1980,True,True
short,rsiW=ob,0.06915631,0.025464023,0.042341135,0.13699329,0.016152395,0.050500117,1494,True,True
short,rsiW=os,-0.10872253,-0.08585259,-0.12558529,-0.18450719,0.04634874,-0.23398224,239,True,False
short,tests=1,-0.0014298502,0.01160251,-0.012161611,-0.0003391861,0.0053131515,-0.040822003,1080,False,False
short,tests=2,0.024000127,0.0013782263,-0.006820286,0.045263227,0.0035835367,-0.057799645,1080,False,False
short,tests=3,0.0013532167,0.0034736188,0.016397862,-0.012854965,-0.03267262,0.012372144,1080,True,False
short,tests=4,-0.007674663,-0.008790872,0.020858368,-0.01310673,-0.06001728,0.018100983,900,False,False
short,tests=5,0.009134185,0.0153759625,0.0042884755,0.02544287,-0.002978154,-0.014348899,1080,True,False
short,tod=ny_am,-0.00038724038,-0.0056938794,0.0007271715,-0.005876453,-0.021358985,0.038984124,1980,False,False
short,tod=ny_pm,0.0024180205,0.022765648,0.0010229002,0.0107834535,0.03456028,-0.056696847,1980,True,False
short,va5=above,-0.006265271,0.011233941,0.00037723986,-0.016697505,0.010315969,-0.021756059,1980,False,False
short,va5=below,0.0050430265,-0.04879493,-0.00851854,-0.02481647,-0.08471564,-0.054070625,1260,False,True
short,va5=inside,0.0032400521,0.007349335,-0.002982516,0.023138514,0.0005942559,0.02228564,1800,False,True
